Date,Open,High,Low,Close,Adj Close,Volume
2017-01-04,63.25,64.5,63.0,64.0,47.71436309814453,14341900
2017-01-05,64.25,64.75,63.75,64.25,47.90074920654297,12762900
2017-01-06,64.5,64.5,63.75,64.0,47.71436309814453,8106700
2017-01-09,64.0,64.0,63.0,63.25,47.15521240234375,10983300
2017-01-10,63.0,63.5,62.75,63.5,47.34159469604492,8163200
2017-01-11,63.0,63.5,63.0,63.25,47.15521240234375,10420400
2017-01-12,63.25,63.25,62.5,62.75,46.78244400024414,7840800
2017-01-16,63.5,66.0,63.5,65.25,48.646278381347656,38089600
2017-01-17,65.5,66.75,64.0,64.0,47.71436309814453,32161600
2017-01-18,64.25,66.0,64.0,65.25,48.646278381347656,13563200
2017-01-19,65.25,66.0,64.25,65.5,48.832664489746094,13297500
2017-01-20,65.5,66.25,65.0,66.0,49.20543670654297,10176200
2017-01-23,66.25,67.5,65.75,67.5,50.32374572753906,12896200
2017-01-24,67.5,68.75,67.0,68.25,50.88289260864258,17467400
2017-01-25,68.75,69.0,68.0,68.5,51.06927490234375,13834200
2017-01-26,69.0,69.5,67.25,68.25,50.88289260864258,13345400
2017-01-27,68.0,68.5,67.5,68.0,50.696510314941406,3693600
2017-01-30,68.25,68.75,67.75,68.5,51.06927490234375,9861100
2017-01-31,68.25,69.0,67.5,67.75,50.5101203918457,10462500
2017-02-01,67.0,67.25,65.75,66.5,49.57821273803711,21208200
2017-02-02,66.25,67.0,65.5,66.5,49.57821273803711,16250400
2017-02-03,66.5,68.5,66.0,68.25,50.88289260864258,11547500
2017-02-06,69.25,70.25,69.0,69.75,52.00119400024414,19071600
2017-02-07,69.75,70.0,68.75,69.0,51.44205093383789,14081900
2017-02-08,68.5,70.5,68.25,70.25,52.37396240234375,16180100
2017-02-09,70.25,70.5,68.25,68.25,50.88289260864258,13551200
2017-02-10,68.25,68.75,67.0,67.5,50.32374572753906,21683500
2017-02-14,67.75,68.25,67.25,67.5,50.32374572753906,16333200
2017-02-15,68.75,70.0,67.75,70.0,52.18758773803711,21113200
2017-02-16,69.75,70.0,68.75,69.25,51.62843704223633,10338300
2017-02-17,69.75,70.25,69.5,69.75,52.00119400024414,11859100
2017-02-20,70.0,70.25,69.5,69.75,52.00119400024414,6057400
2017-02-21,70.0,70.25,69.0,69.0,51.44205093383789,7905300
2017-02-22,69.25,71.5,69.25,71.5,53.30588912963867,20219100
2017-02-23,71.75,74.0,71.25,73.75,54.98334503173828,27123800
2017-02-24,73.5,73.75,72.25,73.25,54.61057662963867,12846600
2017-02-27,72.75,73.25,71.75,71.75,53.49226760864258,10653400
2017-02-28,71.75,72.5,71.25,71.25,53.1195068359375,9583900
2017-03-01,72.0,73.0,71.75,72.75,54.23781204223633,11076700
2017-03-02,72.25,73.5,72.25,72.75,55.61381912231445,16562300
2017-03-03,72.25,73.0,72.25,72.75,55.61381912231445,3616700
2017-03-06,72.75,72.75,71.5,72.25,55.231605529785156,5178900
2017-03-07,72.5,73.5,72.25,72.25,55.231605529785156,11391500
2017-03-08,72.25,73.5,71.5,73.0,55.804935455322266,11994900
2017-03-09,72.0,72.75,71.5,72.0,55.04047775268555,12423200
2017-03-10,72.0,72.75,71.75,72.5,55.42270278930664,6653200
2017-03-13,72.25,72.5,71.5,72.25,55.231605529785156,5076300
2017-03-14,72.75,74.0,72.5,74.0,56.56938552856445,14816600
2017-03-15,74.25,74.5,72.75,73.0,55.804935455322266,12683700
2017-03-16,73.5,73.5,71.75,72.25,55.231605529785156,18499200
2017-03-17,72.25,72.75,70.75,71.25,54.46714401245117,18160400
2017-03-20,70.75,71.5,70.5,70.75,54.084922790527344,10249700
2017-03-21,71.0,72.5,71.0,72.25,55.231605529785156,12833900
2017-03-22,71.75,72.5,71.25,71.75,54.849369049072266,11733500
2017-03-23,71.75,72.0,71.0,71.25,54.46714401245117,9236900
2017-03-24,72.0,72.0,71.5,71.75,54.849369049072266,8613500
2017-03-27,71.75,72.0,70.25,71.0,54.27603530883789,7339800
2017-03-28,71.0,71.75,70.5,71.0,54.27603530883789,8058100
2017-03-29,71.5,72.5,71.25,72.0,55.04047775268555,8612700
2017-03-30,72.5,73.5,72.25,73.5,56.187164306640625,18338800
2017-03-31,73.75,74.5,73.25,73.25,55.99604415893555,15108000
2017-04-03,73.25,74.0,73.0,73.25,55.99604415893555,5681100
2017-04-04,73.5,73.75,71.75,72.0,55.04047775268555,9978400
2017-04-05,72.25,73.25,71.75,73.25,55.99604415893555,8617600
2017-04-07,73.5,73.75,72.5,72.75,55.61381912231445,10325400
2017-04-10,72.75,73.0,72.25,72.25,55.231605529785156,5508100
2017-04-11,72.5,73.75,72.5,73.0,55.804935455322266,12227800
2017-04-12,73.25,73.75,73.0,73.5,56.187164306640625,7007600
2017-04-17,73.5,74.25,73.5,73.5,56.187164306640625,6702100
2017-04-18,73.75,74.25,73.0,73.0,55.804935455322266,6220500
2017-04-19,73.25,74.25,73.0,73.25,55.99604415893555,12439200
2017-04-20,73.25,73.75,73.0,73.25,55.99604415893555,4075500
2017-04-21,73.5,74.25,73.5,74.0,56.56938552856445,8511600
2017-04-24,74.0,74.5,73.5,74.25,56.760498046875,15006800
2017-04-25,74.5,75.75,74.5,75.5,57.716060638427734,16685100
2017-04-26,75.25,75.75,75.0,75.0,57.33384323120117,7035300
2017-04-27,75.5,76.0,75.0,75.75,57.907169342041016,8339400
2017-04-28,76.0,76.0,74.75,75.0,57.33384323120117,9082400
2017-05-02,74.75,75.0,73.5,74.25,56.760498046875,9559900
2017-05-03,74.5,74.75,74.0,74.75,57.14274215698242,6120200
2017-05-04,75.0,75.25,74.25,74.75,57.14274215698242,7697200
2017-05-08,74.75,74.75,72.5,72.75,55.61381912231445,24280300
2017-05-09,73.25,73.75,72.75,73.5,56.187164306640625,10175300
2017-05-11,73.75,73.75,71.5,72.0,55.04047775268555,14788800
2017-05-12,72.0,73.0,71.0,71.75,54.849369049072266,19040700
2017-05-15,72.75,72.75,72.75,72.75,55.61381912231445,662200
2017-05-16,72.75,73.75,72.5,73.75,56.37827682495117,10853300
2017-05-17,73.5,73.75,73.0,73.5,56.187164306640625,6448500
2017-05-18,73.0,73.25,72.25,72.5,55.42270278930664,6458200
2017-05-19,73.0,73.5,72.5,72.75,55.61381912231445,7396000
2017-05-22,73.0,73.25,72.25,72.75,55.61381912231445,5570100
2017-05-23,73.0,73.5,72.25,72.75,55.61381912231445,9140600
2017-05-24,73.25,74.0,73.0,73.75,56.37827682495117,11033500
2017-05-25,73.75,73.75,72.75,73.0,55.804935455322266,5184000
2017-05-26,72.5,73.0,72.25,73.0,55.804935455322266,5992900
2017-05-29,72.75,73.0,71.25,71.5,54.658260345458984,11200700
2017-05-30,71.75,72.25,71.5,71.5,54.658260345458984,4777900
2017-05-31,71.75,72.5,70.5,71.0,54.27603530883789,17440600
2017-06-01,71.0,71.75,70.5,70.75,54.084922790527344,17881200
2017-06-02,71.0,71.25,70.25,70.5,53.89381408691406,8238500
2017-06-05,70.75,71.25,69.75,70.0,53.51157760620117,6457200
2017-06-06,70.25,71.25,70.0,71.0,54.27603530883789,8811600
2017-06-07,71.25,71.75,71.0,71.5,54.658260345458984,6149700
2017-06-08,71.25,71.5,69.0,70.0,53.51157760620117,15422600
2017-06-09,69.5,69.75,67.75,67.75,51.791568756103516,24516600
2017-06-12,68.0,69.0,67.5,67.5,51.60044860839844,20546100
2017-06-13,68.0,69.75,68.0,69.5,53.12936019897461,25214500
2017-06-14,70.0,70.5,69.5,70.0,53.51157760620117,8633000
2017-06-15,70.0,70.5,69.5,69.75,53.320465087890625,6278100
2017-06-16,70.0,70.5,69.5,69.75,53.320465087890625,7624800
2017-06-19,70.0,70.5,69.5,69.75,53.320465087890625,4951100
2017-06-20,69.75,70.0,69.0,69.25,52.938255310058594,6389300
2017-06-21,68.5,68.75,68.0,68.25,52.17378616333008,14884100
2017-06-22,68.25,69.25,68.25,68.5,52.364906311035156,13090400
2017-06-23,68.75,69.5,68.75,69.25,52.938255310058594,5948700
2017-06-26,69.25,69.75,69.0,69.5,53.12936019897461,3491500
2017-06-27,70.0,70.0,69.0,69.5,53.12936019897461,3520600
2017-06-28,69.5,70.0,68.5,68.75,52.55601501464844,7337400
2017-06-29,69.0,69.5,68.5,68.5,52.364906311035156,7450500
2017-06-30,68.75,69.25,68.0,68.5,52.364906311035156,7620500
2017-07-03,68.75,69.0,68.5,68.75,52.55601501464844,3554900
2017-07-04,68.75,69.0,68.75,69.0,52.74713134765625,4191800
2017-07-05,69.0,70.0,69.0,69.75,53.320465087890625,8285700
2017-07-06,69.75,70.0,68.75,69.25,52.938255310058594,11445600
2017-07-07,69.75,70.0,69.25,70.0,53.51157760620117,10693400
2017-07-11,70.0,70.25,68.75,68.75,52.55601501464844,13067300
2017-07-12,69.25,69.75,68.75,69.0,52.74713134765625,11076900
2017-07-13,69.5,70.5,69.0,69.5,53.12936019897461,12191200
2017-07-14,69.5,70.0,68.75,69.25,52.938255310058594,9897500
2017-07-17,69.25,69.25,68.5,69.0,52.74713134765625,9878700
2017-07-18,69.0,69.5,68.5,69.5,53.12936019897461,16959400
2017-07-19,69.75,70.0,69.5,69.75,53.320465087890625,6562100
2017-07-20,70.25,70.5,69.5,70.0,53.51157760620117,16473100
2017-07-21,70.0,70.5,69.5,70.0,53.51157760620117,9543400
2017-07-24,70.25,70.25,69.5,70.0,53.51157760620117,8155100
2017-07-25,70.25,71.25,70.0,70.75,54.084922790527344,22085300
2017-07-26,71.0,71.75,71.0,71.25,54.46714401245117,11916100
2017-07-27,71.5,72.0,71.25,72.0,55.04047775268555,11274100
2017-07-31,72.0,72.75,71.75,71.75,54.849369049072266,16170100
2017-08-01,71.75,73.5,71.5,73.0,55.804935455322266,15060300
2017-08-02,73.25,73.5,72.25,72.5,55.42270278930664,9052200
2017-08-03,72.75,73.0,72.0,72.25,55.231605529785156,5044900
2017-08-04,73.0,73.0,72.25,72.75,55.61381912231445,6225700
2017-08-07,73.0,73.25,71.75,72.0,55.04047775268555,6025500
2017-08-08,72.25,72.5,71.5,72.0,55.04047775268555,7690600
2017-08-09,72.25,72.75,72.0,72.25,55.231605529785156,5678000
2017-08-10,72.25,72.5,71.5,72.0,55.04047775268555,9536000
2017-08-11,72.0,72.5,70.75,71.0,54.27603530883789,12125100
2017-08-15,71.5,71.75,71.0,71.0,54.27603530883789,6150200
2017-08-16,71.25,72.75,71.0,72.5,55.42270278930664,9883300
2017-08-17,73.0,74.5,72.5,73.75,56.37827682495117,25875400
2017-08-18,73.5,74.0,73.25,73.75,56.37827682495117,6829300
2017-08-21,74.25,74.25,73.5,74.0,56.56938552856445,4846000
2017-08-22,74.5,75.25,74.25,74.75,57.14274215698242,14934600
2017-08-23,74.75,75.25,73.5,74.25,56.760498046875,11539000
2017-08-24,74.5,75.0,74.0,74.25,56.760498046875,7022100
2017-08-25,74.25,74.5,73.75,74.0,56.56938552856445,5796200
2017-08-28,76.0,76.0,76.0,76.0,58.09829330444336,1718900
2017-08-29,76.0,78.75,75.5,78.25,59.81830596923828,31326000
2017-08-30,77.75,78.0,76.5,76.5,58.48051834106445,19701300
2017-08-31,75.25,76.5,75.0,76.5,59.84962844848633,18577100
2017-09-01,76.5,76.75,75.75,76.0,59.45845413208008,4463400
2017-09-04,76.25,76.25,74.75,75.0,58.676109313964844,8775600
2017-09-05,75.25,76.25,75.25,76.25,59.6540412902832,6894700
2017-09-06,76.0,76.25,75.5,76.0,59.45845413208008,5390600
2017-09-07,76.0,77.0,75.75,77.0,60.24079895019531,12290900
2017-09-08,77.5,78.0,77.25,77.25,60.4363899230957,15003800
2017-09-11,77.25,77.5,76.0,76.5,59.84962844848633,10707200
2017-09-12,76.75,77.5,76.75,77.5,60.63197326660156,9539200
2017-09-13,77.5,77.5,76.5,77.25,60.4363899230957,12801400
2017-09-14,77.5,78.0,77.0,78.0,61.02315139770508,18142200
2017-09-15,78.0,78.5,77.5,78.0,61.02315139770508,9360400
2017-09-18,78.0,78.5,77.5,78.0,61.02315139770508,13221700
2017-09-19,78.0,79.25,77.75,79.25,62.00107955932617,14788700
2017-09-20,80.0,80.0,79.5,79.5,62.196659088134766,11915400
2017-09-21,79.5,79.5,78.75,78.75,61.609901428222656,6866200
2017-09-22,78.75,78.75,77.75,78.0,61.02315139770508,7599600
2017-09-25,78.0,79.0,78.0,78.75,61.609901428222656,6780700
2017-09-26,79.0,79.75,78.5,78.5,61.41433334350586,9774900
2017-09-27,78.75,78.75,77.0,78.0,61.02315139770508,11349000
2017-09-28,78.0,78.25,76.5,77.25,60.4363899230957,17010700
2017-09-29,77.25,77.5,76.75,77.0,60.24079895019531,10739100
2017-10-02,77.75,79.5,77.5,79.25,62.00107955932617,16623500
2017-10-03,79.25,80.0,78.75,80.0,62.58784103393555,9646600
2017-10-04,80.5,80.75,78.75,79.0,61.80549621582031,15590300
2017-10-05,79.25,80.5,79.0,80.25,62.7834358215332,12174600
2017-10-06,80.5,83.0,80.25,82.75,64.73929595947266,27482100
2017-10-09,83.0,83.25,81.75,82.25,64.34813690185547,15608500
2017-10-10,82.5,83.0,81.5,82.5,64.54371643066406,13108400
2017-10-11,83.0,83.0,82.25,82.75,64.73929595947266,10689200
2017-10-12,82.25,82.5,81.0,81.25,63.565773010253906,15765600
2017-10-16,82.25,82.25,82.25,82.25,64.34813690185547,1035200
2017-10-17,82.25,82.5,81.25,81.5,63.76136779785156,11228200
2017-10-18,81.5,82.25,81.25,82.0,64.15253448486328,6876300
2017-10-19,81.25,82.0,79.0,79.25,62.00107955932617,26683500
2017-10-20,79.25,80.0,78.25,79.5,62.196659088134766,14217500
2017-10-24,79.25,81.0,79.25,81.0,63.37019729614258,13517400
2017-10-25,81.5,82.25,80.0,80.0,62.58784103393555,15228500
2017-10-27,80.5,81.5,80.25,81.0,63.37019729614258,9289100
2017-10-30,81.25,81.5,80.25,80.5,62.97902297973633,11010600
2017-10-31,80.5,81.25,80.0,80.0,62.58784103393555,9440100
2017-11-01,80.5,80.5,78.0,78.25,61.21873474121094,19188000
2017-11-02,77.75,78.0,76.25,77.5,60.63197326660156,23441100
2017-11-03,77.5,79.0,77.25,78.75,61.609901428222656,7452200
2017-11-06,78.25,78.5,76.75,77.5,60.63197326660156,17140400
2017-11-07,77.75,78.5,77.5,78.0,61.02315139770508,12215700
2017-11-08,78.5,80.5,78.25,80.25,62.7834358215332,31479900
2017-11-09,81.25,81.75,80.0,80.0,62.58784103393555,27638400
2017-11-10,80.25,80.75,79.0,79.0,61.80549621582031,15743600
2017-11-13,79.25,79.75,78.5,79.5,62.196659088134766,9448700
2017-11-14,79.75,80.5,79.25,80.0,62.58784103393555,20055500
2017-11-15,80.25,80.25,79.25,79.25,62.00107955932617,14270500
2017-11-16,79.25,79.5,78.0,78.0,61.02315139770508,9253000
2017-11-17,78.5,79.25,78.25,78.75,61.609901428222656,8326400
2017-11-20,79.0,79.5,78.5,78.5,61.41433334350586,7640400
2017-11-21,78.5,78.5,78.5,78.5,61.41433334350586,9621700
2017-11-22,78.5,79.25,78.5,78.75,61.609901428222656,6783600
2017-11-23,79.25,80.0,79.25,79.75,62.39225769042969,14605100
2017-11-24,79.75,79.75,78.75,79.0,61.80549621582031,9229200
2017-11-27,78.75,79.0,78.0,78.25,61.21873474121094,7509600
2017-11-28,78.25,78.75,77.25,78.5,61.41433334350586,8918800
2017-11-29,78.75,79.5,78.5,79.25,62.00107955932617,9033200
2017-11-30,79.25,79.5,78.75,79.5,62.196659088134766,16069700
2017-12-01,79.75,79.75,79.0,79.25,62.00107955932617,7992500
2017-12-04,79.5,79.75,79.0,79.75,62.39225769042969,3618700
2017-12-06,80.25,80.75,79.5,80.0,62.58784103393555,13212800
2017-12-07,80.0,81.0,79.5,81.0,63.37019729614258,11390200
2017-12-08,81.5,82.5,81.5,82.25,64.34813690185547,21750500
2017-12-12,82.75,82.75,81.75,82.75,64.73929595947266,10651300
2017-12-13,82.25,82.75,82.0,82.25,64.34813690185547,7165600
2017-12-14,82.5,83.5,82.25,83.5,65.32606506347656,14761500
2017-12-15,83.5,84.5,83.25,83.5,65.32606506347656,14138200
2017-12-18,83.75,84.0,83.5,84.0,65.71723937988281,6840800
2017-12-19,84.0,84.25,82.75,83.0,64.93488311767578,11189900
2017-12-20,83.25,84.25,83.25,83.75,65.52164459228516,14200300
2017-12-21,84.0,84.25,83.5,83.75,65.52164459228516,5159000
2017-12-22,84.0,85.5,83.75,85.25,66.69517517089844,15048900
2017-12-25,85.5,87.0,85.0,85.25,66.69517517089844,15252300
2017-12-26,85.25,86.5,84.5,86.25,67.47752380371094,8733800
2017-12-27,86.5,86.75,85.5,85.75,67.08634185791016,8008700
2017-12-28,85.25,85.5,84.0,85.0,66.49958801269531,9513300
2017-12-29,85.0,85.25,84.5,85.0,66.49958801269531,6968800
2018-01-03,85.0,86.5,85.0,86.25,67.47752380371094,19199900
2018-01-04,87.75,89.5,87.5,89.5,70.02014923095703,40109500
2018-01-05,89.5,90.75,89.0,90.25,70.60691833496094,23351000
2018-01-08,90.5,90.75,89.25,89.25,69.8245620727539,15088200
2018-01-09,90.0,93.5,89.75,93.0,72.75836944580078,30894500
2018-01-10,93.5,94.0,92.0,92.75,72.56278991699219,20225400
2018-01-11,92.0,93.25,91.0,92.75,72.56278991699219,13749600
2018-01-12,94.0,94.25,92.25,92.5,72.36719512939453,14703600
2018-01-15,93.0,94.25,93.0,93.0,72.75836944580078,12705500
2018-01-16,93.5,94.75,93.25,93.5,73.1495361328125,16923800
2018-01-17,93.5,94.5,92.5,94.5,73.93189239501953,16051600
2018-01-18,96.0,96.75,95.25,95.25,74.5186538696289,22175900
2018-01-19,94.75,95.0,92.5,94.0,73.54071044921875,17018600
2018-01-22,93.75,96.75,93.75,96.5,75.49659729003906,20500000
2018-01-23,97.0,99.75,97.0,99.75,78.0392074584961,27420000
2018-01-24,99.25,99.5,97.5,98.25,76.86569213867188,23373800
2018-01-25,98.25,99.5,94.25,94.25,73.7363052368164,51505100
2018-01-26,94.5,97.0,93.5,96.5,75.49659729003906,33837200
2018-01-29,97.5,98.25,96.75,97.5,76.27893829345703,15734700
2018-01-30,96.5,97.0,95.25,97.0,75.88774871826172,24200400
2018-01-31,96.25,97.25,96.0,96.25,75.30099487304688,18694800
2018-02-01,96.5,97.0,96.0,96.25,75.30099487304688,15011900
2018-02-02,96.75,97.0,95.0,95.0,74.32306671142578,15262000
2018-02-05,93.0,94.25,92.25,93.5,73.1495361328125,21471800
2018-02-06,91.0,94.0,90.5,93.5,73.1495361328125,41215300
2018-02-07,94.25,94.5,91.25,91.75,71.78044128417969,26367700
2018-02-08,91.5,91.75,89.75,90.25,70.60691833496094,29866200
2018-02-09,89.25,91.75,89.0,91.75,71.78044128417969,18704900
2018-02-12,92.0,92.5,91.5,92.25,72.17160034179688,12329100
2018-02-13,92.5,92.75,91.75,92.0,71.97602844238281,12022500
2018-02-14,92.0,93.0,91.25,91.25,71.38925170898438,12449500
2018-02-15,92.0,92.5,91.75,92.5,72.36719512939453,10041900
2018-02-16,92.25,94.25,92.25,93.75,73.34513092041016,13541000
2018-02-19,94.25,95.25,94.0,94.25,73.7363052368164,17911900
2018-02-20,94.25,95.0,93.25,93.5,73.1495361328125,12167700
2018-02-21,93.75,94.0,92.75,93.25,72.9539566040039,15912700
2018-02-22,93.25,96.5,93.25,93.75,73.34513092041016,38034700
2018-02-23,94.5,94.75,93.75,94.75,74.12747192382812,7768400
2018-02-26,95.25,97.75,95.25,97.5,76.27893829345703,23768300
2018-02-27,99.0,100.5,98.5,99.25,77.64803314208984,37696500
2018-02-28,98.5,101.0,98.5,99.25,77.64803314208984,31832000
2018-03-02,98.75,100.5,98.5,99.0,77.45246124267578,28758800
2018-03-05,96.5,96.75,94.25,95.0,76.24853515625,23065300
2018-03-06,95.75,95.75,95.75,95.75,76.8504867553711,1377100
2018-03-07,94.5,95.0,91.5,91.5,73.43936920166016,23549000
2018-03-08,93.0,94.0,91.75,93.0,74.6432876586914,25862100
2018-03-09,94.0,95.0,93.25,95.0,76.24853515625,15253600
2018-03-12,97.0,97.0,95.5,96.25,77.2518081665039,11641700
2018-03-13,96.0,97.25,95.75,96.75,77.65310668945312,12537200
2018-03-14,96.0,96.5,95.5,95.5,76.64984130859375,8854500
2018-03-15,96.5,98.5,96.25,98.25,78.85704040527344,19424600
2018-03-16,98.0,100.5,97.5,100.5,80.66292572021484,31235300
2018-03-19,100.5,100.5,97.75,98.0,78.6563720703125,13778900
2018-03-20,97.25,98.5,97.25,98.25,78.85704040527344,13518300
2018-03-21,98.75,99.25,96.25,96.75,77.65310668945312,18143200
2018-03-22,98.0,99.0,97.5,98.0,78.6563720703125,16214000
2018-03-23,97.25,98.5,97.0,98.5,79.05769348144531,14554900
2018-03-26,99.25,99.25,98.25,99.0,79.45899963378906,9356500
2018-03-27,99.25,99.25,97.0,97.25,78.0544204711914,14296800
2018-03-28,97.0,98.0,96.5,96.75,77.65310668945312,11103700
2018-03-29,97.0,97.0,94.25,94.75,76.04788970947266,22465700
2018-03-30,95.5,96.0,94.5,94.5,75.84722900390625,12848400
2018-04-02,94.5,96.75,94.5,96.5,77.45245361328125,11986300
2018-04-03,96.0,97.25,95.25,95.75,76.8504867553711,15065700
2018-04-04,95.5,96.75,92.75,92.75,74.4426498413086,18643100
2018-04-05,94.25,96.0,93.75,95.75,76.8504867553711,14498100
2018-04-09,95.75,97.5,95.75,97.5,78.25508117675781,11609700
2018-04-10,98.0,98.0,95.0,95.5,76.64984130859375,20939200
2018-04-11,95.75,96.25,95.0,96.25,77.2518081665039,11106300
2018-04-12,96.5,97.5,96.25,96.75,77.65310668945312,11236500
2018-04-17,96.0,96.75,95.75,96.0,77.0511474609375,11944900
2018-04-18,96.5,97.75,96.25,97.75,78.45573425292969,9154400
2018-04-19,98.0,103.0,98.0,102.5,82.26815795898438,44499800
2018-04-20,102.5,104.0,101.5,103.0,82.66946411132812,28351700
2018-04-23,103.0,105.0,99.5,99.5,79.86029815673828,43512000
2018-04-24,99.75,101.0,98.25,98.5,79.05769348144531,30812900
2018-04-25,97.5,98.25,96.5,97.5,78.25508117675781,23494200
2018-04-26,97.75,98.25,96.75,97.0,77.853759765625,17214500
2018-04-27,97.75,98.25,97.0,98.0,78.6563720703125,13812400
2018-04-30,98.5,98.5,97.5,98.0,78.6563720703125,9297700
2018-05-02,97.25,98.0,96.5,98.0,78.6563720703125,18097200
2018-05-03,97.75,98.5,97.25,97.25,78.0544204711914,16033400
2018-05-04,96.75,97.75,96.0,96.0,77.0511474609375,19627800
2018-05-07,97.25,97.5,96.75,97.5,78.25508117675781,12920100
2018-05-08,97.5,97.5,93.75,94.0,75.44591522216797,33561600
2018-05-09,94.25,95.25,93.0,94.5,75.84722900390625,23895500
2018-05-10,95.0,95.0,93.0,93.0,74.6432876586914,22303100
2018-05-11,93.25,94.75,93.0,94.75,76.04788970947266,11731200
2018-05-14,94.5,95.0,93.75,94.5,75.84722900390625,5900400
2018-05-15,95.0,95.75,94.25,94.5,75.84722900390625,13253100
2018-05-16,94.0,94.75,93.0,93.25,74.84394836425781,13176900
2018-05-17,93.75,96.75,93.5,96.5,77.45245361328125,27072300
2018-05-18,97.0,97.25,94.75,94.75,76.04788970947266,18352200
2018-05-21,95.25,96.25,95.0,96.0,77.0511474609375,8361800
2018-05-22,96.0,96.25,95.0,95.25,76.44918060302734,7911200
2018-05-23,95.75,96.25,95.0,95.5,76.64984130859375,8114800
2018-05-24,95.0,95.25,92.5,92.5,74.24199676513672,16538500
2018-05-25,92.75,93.0,90.0,91.25,73.23872375488281,22101500
2018-05-28,90.0,90.25,87.25,88.0,70.6302261352539,28364300
2018-05-30,86.25,89.5,86.0,89.0,71.4328384399414,22086700
2018-05-31,89.75,89.75,88.5,89.25,71.63349151611328,18544500
2018-06-01,89.0,89.25,87.0,87.0,69.82760620117188,11907400
2018-06-04,87.0,87.25,86.0,86.0,69.02498626708984,12932600
2018-06-05,86.5,88.5,86.0,88.25,70.83087921142578,14319000
2018-06-06,88.75,89.5,88.0,88.25,70.83087921142578,11575500
2018-06-07,90.0,91.25,89.5,89.75,72.0347900390625,19839000
2018-06-08,90.0,90.25,89.0,89.5,71.83414459228516,7908000
2018-06-11,89.0,89.25,87.25,87.75,70.42957305908203,12278700
2018-06-12,87.75,88.5,87.5,87.5,70.22891998291016,8506300
2018-06-13,87.25,87.25,86.25,86.5,69.4262924194336,12585600
2018-06-14,86.0,86.25,83.25,83.75,67.2190933227539,33708500
2018-06-15,83.75,84.75,83.0,83.5,67.01844787597656,22958700
2018-06-18,82.75,83.0,80.25,80.25,64.40994262695312,20507300
2018-06-19,80.0,81.75,79.0,79.75,64.00863647460938,33979800
2018-06-20,81.0,83.75,80.5,83.75,67.2190933227539,29535800
2018-06-21,83.25,83.5,79.75,80.25,64.40994262695312,29236400
2018-06-22,80.75,82.75,80.25,81.25,65.21255493164062,17445200
2018-06-25,81.75,82.5,78.0,78.0,62.604061126708984,27693700
2018-06-26,78.0,79.75,77.5,79.5,63.80797576904297,17217100
2018-06-27,80.25,80.75,78.5,79.0,63.40667724609375,24886600
2018-06-28,79.25,79.5,76.0,76.25,61.199485778808594,25930300
2018-06-29,76.75,77.75,71.75,73.0,58.59098434448242,54563700
2018-07-02,72.0,72.25,69.5,71.25,57.186405181884766,37067100
2018-07-03,70.75,74.75,70.0,74.25,59.59424591064453,59992700
2018-07-04,73.75,74.0,72.5,73.5,58.99227523803711,20533800
2018-07-05,73.0,73.25,71.25,72.0,57.788360595703125,19163700
2018-07-06,72.0,75.0,71.5,74.0,59.39360046386719,39350600
2018-07-09,75.0,75.25,73.0,73.5,58.99227523803711,13985800
2018-07-10,74.0,78.5,73.75,78.0,62.604061126708984,37667600
2018-07-11,76.5,77.75,76.5,77.5,62.20274353027344,24000000
2018-07-12,77.25,79.25,77.0,77.5,62.20274353027344,23054600
2018-07-13,77.5,77.75,76.25,76.25,61.199485778808594,13672100
2018-07-16,76.0,77.5,75.5,76.5,61.400142669677734,10273700
2018-07-17,75.5,75.75,73.75,74.75,59.99556350708008,21619000
2018-07-18,74.5,76.75,74.5,76.75,61.60078048706055,18571100
2018-07-19,76.5,77.25,75.25,77.0,61.80143737792969,16690300
2018-07-20,76.75,79.75,76.75,79.25,63.60733413696289,27641200
2018-07-23,78.75,81.5,78.75,81.0,65.01190948486328,20555400
2018-07-24,81.75,82.75,80.25,80.75,64.81124877929688,26890900
2018-07-25,80.75,81.75,80.25,81.25,65.21255493164062,15315200
2018-07-26,82.0,82.75,81.0,81.5,65.4132080078125,14483900
2018-07-31,81.0,82.5,80.75,81.75,65.61387634277344,19515600
2018-08-01,82.5,84.75,81.75,84.5,67.8210678100586,32686200
2018-08-02,84.25,85.5,83.75,85.0,68.22237396240234,30168700
2018-08-03,84.5,86.25,84.0,84.5,67.8210678100586,20187900
2018-08-06,85.0,85.75,83.0,83.25,66.81779479980469,18032200
2018-08-07,83.75,84.5,83.25,84.25,67.62041473388672,16241800
2018-08-08,84.25,84.75,83.25,84.0,67.41974639892578,13707800
2018-08-09,83.75,85.0,83.5,83.75,67.2190933227539,22470600
2018-08-10,83.5,83.75,82.0,82.0,65.81452941894531,20937800
2018-08-14,81.25,82.5,80.75,82.0,65.81452941894531,21693400
2018-08-15,81.75,81.75,81.0,81.5,65.4132080078125,15146200
2018-08-16,81.5,82.0,79.75,80.75,64.81124877929688,25235100
2018-08-17,81.25,82.5,81.0,81.75,65.61387634277344,22214400
2018-08-20,82.5,82.75,81.25,81.5,65.4132080078125,18060800
2018-08-21,81.75,82.5,81.25,81.75,65.61387634277344,19049600
2018-08-22,82.0,83.0,81.75,82.0,65.81452941894531,18515700
2018-08-23,82.25,82.5,80.75,81.25,65.21255493164062,32854200
2018-08-24,80.75,81.0,80.0,80.5,64.61060333251953,18887100
2018-08-27,80.75,81.25,80.5,80.75,64.81124877929688,15082600
2018-08-28,81.25,82.5,81.25,81.75,65.61387634277344,24263700
2018-08-29,82.0,83.25,81.75,83.25,66.81779479980469,24081100
2018-08-30,83.25,83.5,82.75,83.25,66.81779479980469,22819100
2018-08-31,81.5,82.0,81.25,81.75,67.02276611328125,11630300
2018-09-03,81.5,82.5,81.25,81.75,67.02276611328125,9667500
2018-09-04,81.75,81.75,80.25,80.25,65.79298400878906,22149900
2018-09-05,80.0,80.25,78.75,78.75,64.5632095336914,26257100
2018-09-06,78.25,78.75,77.25,78.5,64.3582534790039,24255600
2018-09-07,78.25,79.5,78.0,78.5,64.3582534790039,13606400
2018-09-10,78.75,79.25,78.25,79.0,64.76817321777344,8038000
2018-09-11,78.75,79.25,77.0,77.0,63.12847137451172,20095200
2018-09-12,77.25,77.75,76.5,77.5,63.538387298583984,20538600
2018-09-13,78.0,80.5,78.0,80.0,65.58802032470703,28670100
2018-09-14,80.5,81.5,80.0,80.75,66.20289611816406,17332200
2018-09-17,80.0,81.0,79.75,80.25,65.79298400878906,8935900
2018-09-18,80.25,82.0,79.75,82.0,67.22772216796875,24759700
2018-09-19,82.5,82.75,81.5,81.75,67.02276611328125,24155600
2018-09-20,82.25,82.5,81.25,81.25,66.6128158569336,16746700
2018-09-21,81.75,82.5,81.25,81.25,66.6128158569336,22689600
2018-09-24,81.0,81.25,79.75,79.75,65.38304901123047,24758500
2018-09-25,80.25,81.5,79.75,81.0,66.40786743164062,14106500
2018-09-26,81.25,82.0,81.25,81.75,67.02276611328125,15896600
2018-09-27,82.0,82.0,80.5,81.75,67.02276611328125,14317700
2018-09-28,81.75,82.0,81.0,81.25,66.6128158569336,8248100
2018-10-01,81.75,82.0,81.25,81.75,67.02276611328125,8242900
2018-10-02,81.75,82.5,80.75,80.75,66.20289611816406,24031400
2018-10-03,81.25,82.5,80.5,82.0,67.22772216796875,23330900
2018-10-04,81.75,82.5,81.0,81.5,66.81779479980469,17554000
2018-10-05,81.25,81.25,80.5,80.75,66.20289611816406,10516700
2018-10-08,80.5,81.0,78.25,78.25,64.15327453613281,31457000
2018-10-09,78.5,79.25,77.5,77.75,63.743350982666016,23842400
2018-10-10,78.25,79.5,78.0,79.5,65.1780776977539,19606800
2018-10-11,77.25,77.5,76.5,77.0,63.12847137451172,38167900
2018-10-12,77.5,78.0,77.25,77.75,63.743350982666016,9443000
2018-10-16,77.75,78.25,77.0,77.25,63.33342361450195,13384500
2018-10-17,78.0,78.75,77.75,78.5,64.3582534790039,13778000
2018-10-18,78.0,78.25,77.0,77.0,63.12847137451172,11313100
2018-10-19,77.0,77.25,76.25,76.5,62.718544006347656,14385900
2018-10-22,76.75,77.5,76.25,77.0,63.12847137451172,10558800
2018-10-24,75.75,75.75,73.75,74.25,60.873878479003906,23944300
2018-10-25,72.25,76.0,71.75,76.0,62.30862045288086,36999200
2018-10-26,75.5,75.75,74.25,74.75,61.283809661865234,15806300
2018-10-29,75.0,76.25,74.75,75.5,61.898685455322266,9750000
2018-10-30,75.5,76.25,74.75,75.0,61.488765716552734,11721900
2018-10-31,76.0,77.5,75.5,77.25,63.33342361450195,14578000
2018-11-01,77.25,78.25,76.5,76.75,62.923492431640625,16484700
2018-11-02,77.5,78.0,77.25,77.75,63.743350982666016,10632200
2018-11-05,77.0,77.5,76.5,77.25,63.33342361450195,8467900
2018-11-06,77.75,78.75,77.5,77.5,63.538387298583984,14861100
2018-11-07,78.25,78.5,77.5,78.5,64.3582534790039,18563300
2018-11-08,79.5,80.25,79.0,80.0,65.58802032470703,26242300
2018-11-09,79.5,80.0,78.25,79.0,64.76817321777344,14021000
2018-11-12,79.0,79.25,78.5,78.75,64.5632095336914,7237800
2018-11-13,77.25,79.0,77.0,79.0,64.76817321777344,12950200
2018-11-14,78.0,78.0,76.0,76.25,62.51358413696289,22111700
2018-11-15,76.25,77.75,76.25,76.75,62.923492431640625,11985100
2018-11-16,77.0,77.75,76.5,77.0,63.12847137451172,7626200
2018-11-19,76.5,77.75,76.25,77.75,63.743350982666016,7712800
2018-11-20,77.25,78.25,76.5,76.5,62.718544006347656,10024500
2018-11-21,76.0,77.0,75.25,77.0,63.12847137451172,17882000
2018-11-22,77.0,77.25,76.0,76.25,62.51358413696289,7727900
2018-11-23,76.25,78.25,75.25,78.0,63.94831085205078,13046900
2018-11-26,77.5,77.75,76.0,76.5,62.718544006347656,15785800
2018-11-27,76.75,77.5,76.5,77.25,63.33342361450195,11455700
2018-11-28,77.5,78.75,77.5,78.25,64.15327453613281,9473500
2018-11-29,78.75,79.5,78.25,78.5,64.3582534790039,11493600
2018-11-30,78.5,79.0,77.75,78.5,64.3582534790039,10857000
2018-12-03,79.5,81.5,79.5,81.0,66.40786743164062,24072100
2018-12-04,80.5,81.25,80.25,81.0,66.40786743164062,14992300
2018-12-06,79.25,79.75,78.75,79.75,65.38304901123047,20008300
2018-12-07,79.5,79.75,79.0,79.25,64.97312927246094,8687200
2018-12-11,79.75,80.0,78.0,78.5,64.3582534790039,19079900
2018-12-12,79.25,79.25,78.25,78.25,64.15327453613281,5959300
2018-12-13,78.5,79.0,76.5,76.5,62.718544006347656,14651100
2018-12-14,76.5,76.75,75.0,75.75,62.1036491394043,12658100
2018-12-17,76.0,76.75,75.5,76.0,62.30862045288086,6558300
2018-12-18,75.0,75.25,72.5,72.5,59.43913650512695,28351500
2018-12-19,72.0,72.5,71.0,72.0,59.029212951660156,23118000
2018-12-20,71.75,72.75,71.5,72.0,59.029212951660156,15869800
2018-12-21,72.0,74.25,71.75,74.0,60.66891860961914,19721500
2018-12-24,73.5,73.75,72.75,73.0,59.84907150268555,8403000
2018-12-25,72.0,72.0,71.0,71.5,58.61928939819336,5287200
2018-12-26,71.5,71.75,70.25,71.25,58.41433334350586,8205000
2018-12-27,73.0,74.0,71.5,71.75,58.82424545288086,15131800
2018-12-28,71.75,71.75,70.0,71.25,58.41433334350586,20701600
2019-01-02,71.25,72.0,70.5,70.75,58.00441360473633,10811800
2019-01-03,70.75,71.25,68.25,69.0,56.56966781616211,22995300
2019-01-04,69.0,70.5,67.75,70.0,57.3895149230957,27570200
2019-01-07,71.75,72.75,71.25,72.0,59.029212951660156,22885900
2019-01-08,72.0,72.25,71.5,71.75,58.82424545288086,11882400
2019-01-09,72.25,72.75,71.0,71.25,58.41433334350586,21564900
2019-01-10,71.0,71.75,71.0,71.5,58.61928939819336,8132600
2019-01-11,71.5,71.75,70.5,70.75,58.00441360473633,12435500
2019-01-14,70.0,70.25,67.5,67.5,55.33989334106445,28375100
2019-01-15,68.0,68.25,67.25,67.5,55.33989334106445,13968800
2019-01-16,67.75,68.75,67.5,68.0,55.749813079833984,17636500
2019-01-17,67.75,68.25,67.0,67.5,55.33989334106445,26813700
2019-01-18,68.0,69.5,67.75,69.0,56.56966781616211,19166800
2019-01-21,69.5,71.5,69.25,71.25,58.41433334350586,20085900
2019-01-22,70.75,71.5,70.5,71.5,58.61928939819336,9830700
2019-01-23,71.5,71.5,70.25,70.5,57.7994384765625,29647000
2019-01-24,70.0,70.25,68.5,69.0,56.56966781616211,36159100
2019-01-25,67.5,67.75,65.5,67.0,54.92995834350586,69542500
2019-01-28,67.0,67.5,66.25,66.5,54.52003860473633,31217000
2019-01-29,67.25,67.25,66.0,67.0,54.92995834350586,27673300
2019-01-30,66.75,67.5,66.5,67.5,55.33989334106445,19966100
2019-01-31,68.25,69.0,68.0,68.0,55.749813079833984,33320600
2019-02-01,68.0,69.75,67.75,69.5,56.97958755493164,29070800
2019-02-04,69.75,70.25,69.25,69.25,56.77463150024414,15403300
2019-02-05,69.25,69.5,68.75,69.0,56.56966781616211,7061300
2019-02-06,69.0,69.5,68.75,69.0,56.56966781616211,10210200
2019-02-07,69.0,69.5,68.5,69.0,56.56966781616211,10038600
2019-02-08,68.0,68.75,67.75,68.5,56.15974044799805,12467800
2019-02-11,68.0,68.75,67.75,67.75,55.54485321044922,15186600
2019-02-12,68.0,68.25,67.0,67.5,55.33989334106445,24166100
2019-02-13,68.0,69.5,67.75,69.25,56.77463150024414,31083700
2019-02-14,69.5,69.75,68.75,69.25,56.77463150024414,14459200
2019-02-15,69.0,69.25,68.5,68.75,56.36469650268555,10820700
2019-02-18,69.25,69.75,69.0,69.25,56.77463150024414,16568300
2019-02-20,70.0,72.0,70.0,71.75,58.82424545288086,58601300
2019-02-21,71.75,72.0,70.75,71.0,58.2093620300293,27279600
2019-02-22,70.75,73.0,70.75,72.5,59.43913650512695,37164500
2019-02-25,73.25,74.75,73.0,74.25,60.873878479003906,40788400
2019-02-26,73.75,74.0,72.75,73.25,60.05402374267578,31649600
2019-02-27,72.25,73.0,72.0,72.75,59.644107818603516,33894000
2019-02-28,72.5,72.75,72.0,72.0,59.029212951660156,23495200
2019-03-01,72.25,72.5,71.5,71.5,58.61928939819336,17305200
2019-03-04,71.25,71.75,70.5,71.25,58.41433334350586,23936400
2019-03-05,68.75,69.5,68.5,69.0,58.62674331665039,20932100
2019-03-06,69.25,69.5,68.5,68.5,58.2019157409668,22275200
2019-03-07,68.25,69.5,68.25,69.25,58.83916473388672,18143300
2019-03-08,69.0,69.25,67.75,68.25,57.98948669433594,20690300
2019-03-11,68.25,68.75,67.5,67.75,57.564666748046875,17817700
2019-03-12,68.0,68.25,67.5,67.5,57.35224914550781,15984200
2019-03-13,67.0,67.75,66.25,67.75,57.564666748046875,50913200
2019-03-14,68.0,68.0,67.25,67.5,57.35224914550781,23152900
2019-03-15,67.5,67.75,67.0,67.25,57.13982391357422,18675700
2019-03-18,67.5,67.75,66.75,67.5,57.35224914550781,17563300
2019-03-19,67.75,68.25,67.25,68.0,57.77708053588867,19947300
2019-03-20,67.75,68.0,67.0,67.0,56.92741394042969,33748600
2019-03-21,67.25,68.25,67.25,67.75,57.564666748046875,21393300
2019-03-22,68.0,69.0,67.75,68.75,58.41432571411133,29741800
2019-03-25,67.75,68.25,67.0,67.5,57.35224914550781,24404500
2019-03-26,67.75,68.0,67.25,67.75,57.564666748046875,16241300
2019-03-27,68.0,68.0,67.25,67.5,57.35224914550781,17553000
2019-03-28,67.25,67.75,67.0,67.25,57.13982391357422,18267000
2019-03-29,67.5,68.0,67.25,67.25,57.13982391357422,13329800
2019-04-01,67.75,68.0,67.25,67.5,57.35224914550781,12805900
2019-04-02,67.75,68.25,67.25,68.0,57.77708053588867,17104800
2019-04-03,68.5,69.5,68.25,69.25,58.83916473388672,35479500
2019-04-04,69.25,69.5,68.5,68.75,58.41432571411133,14317300
2019-04-05,69.0,69.25,68.75,69.0,58.62674331665039,5963700
2019-04-09,69.25,70.25,69.25,70.25,59.68881607055664,30039600
2019-04-10,70.5,71.25,70.25,70.75,60.11366271972656,22577800
2019-04-11,71.0,71.25,70.25,71.0,60.32606887817383,15532700
2019-04-12,71.0,71.25,69.75,70.5,59.9012336730957,15734700
2019-04-17,70.0,70.5,69.5,70.25,59.68881607055664,31104300
2019-04-18,70.0,70.25,69.5,69.5,59.05157470703125,16339400
2019-04-19,69.5,70.75,69.5,70.75,60.11366271972656,21314100
2019-04-22,70.75,72.5,70.75,71.25,60.53848648071289,37911000
2019-04-23,71.5,72.0,70.5,70.75,60.11366271972656,21944300
2019-04-24,70.75,71.0,69.75,69.75,59.263980865478516,31540800
2019-04-25,69.75,70.25,69.5,69.5,59.05157470703125,20719700
2019-04-26,69.5,70.0,68.75,68.75,58.41432571411133,26731900
2019-04-29,68.5,68.75,68.0,68.5,58.2019157409668,17827800
2019-04-30,68.5,69.0,68.25,68.75,58.41432571411133,20837500
2019-05-02,68.75,69.5,68.75,68.75,58.41432571411133,12842300
2019-05-03,68.5,69.0,68.25,68.75,58.41432571411133,15472300
2019-05-07,68.0,68.5,67.75,67.75,57.564666748046875,20136200
2019-05-08,67.5,67.75,67.0,67.25,57.13982391357422,18890700
2019-05-09,67.25,67.75,66.5,66.5,56.50258255004883,19593600
2019-05-10,67.0,67.5,66.0,66.75,56.71500778198242,23248100
2019-05-13,66.25,66.5,65.0,65.0,55.228092193603516,35746800
2019-05-14,64.5,65.25,64.5,65.0,55.228092193603516,23448400
2019-05-15,65.5,65.75,64.5,64.5,54.80325698852539,17348600
2019-05-16,64.5,65.0,64.0,64.0,54.37843322753906,18825700
2019-05-17,64.25,64.75,63.5,63.5,53.95359420776367,17600700
2019-05-21,63.5,64.0,62.25,62.75,53.316349029541016,28796700
2019-05-22,62.75,63.25,62.0,62.5,53.10393142700195,23896800
2019-05-23,62.0,62.25,60.0,60.0,50.97977828979492,30462800
2019-05-24,59.5,61.0,59.0,60.75,51.61703109741211,32839900
2019-05-27,61.0,61.5,60.5,60.5,51.40460968017578,18887900
2019-05-28,61.5,63.25,61.5,62.5,53.10393142700195,40005800
2019-05-29,62.75,62.75,62.25,62.25,52.891517639160156,14171700
2019-05-30,62.25,62.5,60.75,61.25,52.04185104370117,30919300
2019-05-31,60.75,61.5,60.25,60.75,51.61703109741211,23737900
2019-06-04,60.75,61.25,60.25,60.75,51.61703109741211,23075100
2019-06-05,61.25,62.0,61.25,61.5,52.2542724609375,14489200
2019-06-06,61.5,61.5,60.0,61.0,51.829437255859375,19207000
2019-06-07,61.5,62.0,61.25,61.75,52.46668243408203,12628500
2019-06-10,62.75,63.5,62.5,63.0,53.52876281738281,31234800
2019-06-11,63.0,63.0,62.0,63.0,53.52876281738281,18167200
2019-06-12,62.5,63.0,62.0,62.25,52.891517639160156,13873100
2019-06-13,62.0,63.25,61.5,63.0,53.52876281738281,30164500
2019-06-14,62.75,63.0,62.25,62.25,52.891517639160156,15205700
2019-06-17,62.5,62.75,62.25,62.25,52.891517639160156,6233700
2019-06-18,62.25,63.75,62.0,63.5,53.95359420776367,18507500
2019-06-19,64.0,64.25,63.5,63.5,53.95359420776367,30251400
2019-06-20,64.0,65.0,63.75,64.75,55.01567459106445,25343400
2019-06-21,65.25,65.75,64.75,64.75,55.01567459106445,33446600
2019-06-24,65.0,65.25,64.5,64.5,54.80325698852539,18365000
2019-06-25,64.5,65.25,64.0,65.0,55.228092193603516,21584500
2019-06-26,64.75,65.0,64.25,64.5,54.80325698852539,16186400
2019-06-27,64.75,65.0,64.0,64.5,54.80325698852539,19767400
2019-06-28,64.5,65.0,64.0,64.0,54.37843322753906,14080600
2019-07-01,65.0,65.75,64.75,65.25,55.44050216674805,25854500
2019-07-02,65.0,65.5,64.25,64.25,54.59084701538086,15580700
2019-07-03,64.0,64.25,63.25,63.75,54.16600799560547,27701200
2019-07-04,64.0,64.25,63.0,63.0,53.52876281738281,20748200
2019-07-05,63.25,63.25,62.5,62.75,53.316349029541016,19074000
2019-07-08,62.5,62.75,61.25,61.5,52.2542724609375,31273200
2019-07-09,61.5,62.0,61.0,61.5,52.2542724609375,18828800
2019-07-10,61.0,62.5,61.0,62.0,52.67910385131836,28100800
2019-07-11,62.5,62.75,61.75,62.0,52.67910385131836,18451200
2019-07-12,62.0,63.0,62.0,62.75,53.316349029541016,25904300
2019-07-15,63.0,64.0,62.75,63.0,53.52876281738281,20933200
2019-07-17,62.0,62.25,61.5,61.75,52.46668243408203,23146200
2019-07-18,61.5,62.25,61.5,61.5,52.2542724609375,12680100
2019-07-19,62.0,62.25,61.5,61.75,52.46668243408203,14420200
2019-07-22,61.5,62.0,61.5,61.75,52.46668243408203,12911300
2019-07-23,62.0,62.25,61.5,61.5,52.2542724609375,15105800
2019-07-24,61.5,61.75,61.0,61.25,52.04185104370117,13871300
2019-07-25,61.5,62.0,61.25,61.5,52.2542724609375,9310800
2019-07-26,61.75,62.0,61.0,61.0,51.829437255859375,14151200
2019-07-30,61.25,61.5,60.5,60.5,51.40460968017578,12532600
2019-07-31,60.5,61.0,60.25,60.5,51.40460968017578,15471900
2019-08-01,60.25,60.75,60.0,60.25,51.19218826293945,10393000
2019-08-02,59.5,59.75,57.5,57.75,49.068031311035156,77692400
2019-08-05,57.5,58.25,57.5,57.5,48.85561752319336,24089000
2019-08-06,56.75,57.25,56.0,56.5,48.005958557128906,36597800
2019-08-07,56.5,56.75,55.25,55.25,46.943878173828125,35755900
2019-08-08,54.5,54.75,53.25,53.5,45.45696258544922,44808200
2019-08-09,54.0,54.5,53.0,53.0,45.03213882446289,27999100
2019-08-13,53.0,53.5,51.0,51.5,43.75764083862305,43738200
2019-08-14,52.5,54.0,52.0,52.5,44.607295989990234,36013100
2019-08-15,52.0,52.5,51.25,52.25,44.39488983154297,27267000
2019-08-16,52.25,52.75,51.75,52.5,44.607295989990234,17787600
2019-08-19,53.0,54.5,53.0,54.25,46.09421157836914,25099400
2019-08-20,54.75,55.0,52.75,52.75,44.81972122192383,22350200
2019-08-21,53.25,54.0,52.75,53.25,45.24455261230469,12683300
2019-08-22,53.0,53.25,52.0,52.0,44.182472229003906,16264400
2019-08-23,52.5,53.0,52.25,52.75,44.81972122192383,11890600
2019-08-26,51.5,51.75,51.0,51.5,43.75764083862305,23203300
2019-08-27,52.0,52.25,51.25,51.25,43.54522705078125,22977300
2019-08-28,51.5,51.75,51.0,51.25,43.54522705078125,15051500
2019-08-29,51.75,53.5,51.5,53.25,45.24455261230469,30813000
2019-08-30,53.0,53.5,52.5,53.25,46.110477447509766,19577300
2019-09-02,52.75,53.0,52.25,52.5,45.46102523803711,11842400
2019-09-03,52.5,52.75,51.5,51.5,44.59510803222656,15568100
2019-09-04,51.5,52.25,51.25,52.25,45.24455261230469,13805400
2019-09-05,53.0,53.75,52.25,52.75,45.677513122558594,22960800
2019-09-06,53.0,53.25,52.25,52.75,45.677513122558594,9844300
2019-09-09,53.0,53.0,52.5,52.5,45.46102523803711,6689400
2019-09-10,52.75,54.0,52.75,53.5,46.32695388793945,31338100
2019-09-11,53.5,55.25,53.25,55.25,47.84232711791992,33706800
2019-09-12,55.5,55.5,54.0,54.25,46.97639846801758,36735500
2019-09-13,54.5,55.0,54.0,54.75,47.409358978271484,14913700
2019-09-16,56.75,57.0,55.75,57.0,49.357688903808594,54611800
2019-09-17,57.0,58.5,56.75,58.25,50.44009017944336,42834600
2019-09-18,57.0,57.0,53.25,53.75,46.543434143066406,82184300
2019-09-19,54.25,54.25,52.25,52.75,45.677513122558594,33821800
2019-09-20,53.0,53.75,52.5,53.5,46.32695388793945,27789400
2019-09-23,53.5,54.75,53.0,54.0,46.759918212890625,19490400
2019-09-24,54.25,54.5,53.75,54.0,46.759918212890625,10708900
2019-09-25,53.5,54.0,53.25,53.5,46.32695388793945,10245700
2019-09-26,54.0,54.25,53.75,54.0,46.759918212890625,11366700
2019-09-27,54.0,54.5,53.5,54.25,46.97639846801758,8180000
2019-09-30,54.0,54.25,53.25,53.75,46.543434143066406,8482700
2019-10-01,53.25,53.25,52.5,53.0,45.89399719238281,10878200
2019-10-02,52.5,52.75,52.0,52.25,45.24455261230469,15826600
2019-10-03,51.5,52.25,51.5,51.75,44.811588287353516,11610500
2019-10-04,52.0,52.0,51.5,51.5,44.59510803222656,9588900
2019-10-07,52.0,52.75,51.75,52.0,45.02806854248047,10473500
2019-10-08,52.5,52.75,51.5,51.75,44.811588287353516,9866000
2019-10-09,51.75,52.5,51.5,52.25,45.24455261230469,9467600
2019-10-10,52.0,52.5,52.0,52.25,45.24455261230469,5663200
2019-10-11,52.25,52.75,51.75,52.75,45.677513122558594,18640700
2019-10-15,52.75,53.0,51.75,51.75,44.811588287353516,15184800
2019-10-16,51.75,52.0,50.0,50.25,43.51270294189453,36539000
2019-10-17,50.25,50.5,49.0,49.5,42.86326217651367,31297700
2019-10-18,49.5,50.25,49.25,50.0,43.29621887207031,13751800
2019-10-21,50.0,51.0,50.0,50.25,43.51270294189453,8511900
2019-10-22,50.5,50.75,50.25,50.75,43.94565963745117,7420200
2019-10-24,51.0,51.5,50.0,50.0,43.29621887207031,12609500
2019-10-25,50.0,50.25,48.5,49.0,42.43029022216797,16868300
2019-10-28,49.0,50.0,48.5,49.25,42.64678192138672,10442500
2019-10-29,49.5,50.0,48.75,49.0,42.43029022216797,10327800
2019-10-30,49.5,50.75,49.5,50.5,43.729183197021484,13049700
2019-10-31,51.25,51.5,50.5,51.0,44.162147521972656,13599900
2019-11-01,50.75,51.5,50.5,51.0,44.162147521972656,7721100
2019-11-04,51.75,53.75,51.5,53.75,46.543434143066406,29060900
2019-11-05,54.0,55.0,53.0,53.75,46.543434143066406,22654500
2019-11-06,53.75,54.5,53.5,53.5,46.32695388793945,11923200
2019-11-07,53.25,56.75,53.25,56.25,48.70824432373047,46516700
2019-11-08,56.25,56.25,54.75,55.5,48.05880355834961,28459500
2019-11-11,55.0,55.25,53.5,54.0,46.759918212890625,25924800
2019-11-12,54.25,55.25,54.0,54.75,47.409358978271484,12077600
2019-11-13,54.75,54.75,53.75,54.25,46.97639846801758,13699300
2019-11-14,54.5,54.75,53.25,53.25,46.110477447509766,19091300
2019-11-15,53.5,53.5,52.0,52.25,45.24455261230469,16647300
2019-11-18,52.75,54.25,52.5,53.25,46.110477447509766,12748200
2019-11-19,53.0,53.25,52.5,53.0,45.89399719238281,6531000
2019-11-20,52.5,52.75,52.0,52.0,45.02806854248047,9145800
2019-11-21,52.25,52.25,51.0,51.75,44.811588287353516,13951400
2019-11-22,52.0,53.75,52.0,53.0,45.89399719238281,19503400
2019-11-25,53.5,54.5,53.0,54.0,46.759918212890625,14549700
2019-11-26,54.5,55.75,54.25,54.5,47.19287872314453,33098800
2019-11-27,54.75,55.25,54.5,55.0,47.625850677490234,10805200
2019-11-28,54.75,55.25,54.25,54.75,47.409358978271484,10632800
2019-11-29,54.5,54.5,53.25,53.75,46.543434143066406,18006700
2019-12-02,53.5,54.5,53.25,53.5,46.32695388793945,15067100
2019-12-03,53.0,53.5,52.75,53.0,45.89399719238281,10831600
2019-12-04,52.5,53.0,51.75,52.5,45.46102523803711,19164500
2019-12-06,53.25,53.75,52.5,52.5,45.46102523803711,8048900
2019-12-09,52.5,53.0,52.25,52.5,45.46102523803711,8588300
2019-12-11,52.25,52.5,51.25,51.75,44.811588287353516,14486800
2019-12-12,51.75,53.5,51.5,53.25,46.110477447509766,16434200
2019-12-13,55.25,56.5,55.25,56.0,48.491764068603516,44160500
2019-12-16,55.75,56.5,55.25,55.25,47.84232711791992,16380500
2019-12-17,55.5,55.75,54.25,55.75,48.27528762817383,20467500
2019-12-18,56.25,57.25,56.0,56.5,48.92473220825195,23071600
2019-12-19,56.0,57.75,55.5,57.25,49.57417678833008,24501600
2019-12-20,57.75,57.75,56.5,57.25,49.57417678833008,24568900
2019-12-23,57.5,58.0,57.0,57.25,49.57417678833008,12262600
2019-12-24,57.5,57.75,56.5,56.75,49.141212463378906,11025400
2019-12-25,56.5,57.0,56.25,56.75,49.141212463378906,4404500
2019-12-26,57.0,57.25,56.75,56.75,49.141212463378906,4351100
2019-12-27,57.25,57.25,56.25,56.5,48.92473220825195,7828300
2019-12-30,56.5,57.5,56.5,57.0,49.357688903808594,8231600
2020-01-02,57.5,59.25,57.25,59.25,51.30602264404297,29326100
2020-01-03,59.25,60.5,59.0,59.5,51.522499084472656,34360100
2020-01-06,60.75,61.25,58.0,58.5,50.65658187866211,38031200
2020-01-07,58.75,60.25,58.75,59.75,51.738983154296875,32460300
2020-01-08,59.5,59.75,57.5,57.75,50.00713348388672,33694000
2020-01-09,58.75,59.5,57.75,59.5,51.522499084472656,25829300
2020-01-10,59.5,60.0,59.0,59.25,51.30602264404297,14601900
2020-01-13,59.25,59.5,56.75,56.75,49.141212463378906,21860700
2020-01-14,56.75,56.75,55.5,55.75,48.27528762817383,17409200
2020-01-15,55.25,56.25,55.25,55.75,48.27528762817383,15539700
2020-01-16,55.5,56.0,55.25,55.75,48.27528762817383,11174100
2020-01-17,56.0,57.0,55.75,56.25,48.70824432373047,16042100
2020-01-20,56.5,56.5,55.5,55.5,48.05880355834961,9267600
2020-01-21,52.0,52.5,50.0,50.5,43.729183197021484,57833400
2020-01-22,50.5,50.75,49.25,50.25,43.51270294189453,28135200
2020-01-23,49.75,50.5,49.5,50.25,43.51270294189453,13325000
2020-01-24,50.25,51.0,50.25,50.5,43.729183197021484,9137200
2020-01-27,49.5,49.75,48.25,48.75,42.21381759643555,21085400
2020-01-28,48.25,49.5,48.0,48.25,41.780853271484375,21075100
2020-01-29,49.0,50.0,48.75,49.25,42.64678192138672,18778900
2020-01-30,49.0,49.75,48.25,49.5,42.86326217651367,13957100
2020-01-31,49.75,50.0,49.0,49.0,42.43029022216797,11718800
2020-02-03,48.5,50.5,48.0,49.5,42.86326217651367,20518400
2020-02-04,50.25,52.5,49.75,52.0,45.02806854248047,30228500
2020-02-05,52.25,53.0,51.25,52.75,45.677513122558594,23213900
2020-02-06,53.5,54.25,52.75,54.0,46.759918212890625,21204000
2020-02-07,53.75,54.5,53.25,53.5,46.32695388793945,12969900
2020-02-11,54.0,54.0,52.75,53.0,45.89399719238281,15600900
2020-02-12,53.25,54.5,53.0,54.0,46.759918212890625,19612400
2020-02-13,53.75,54.0,52.75,52.75,45.677513122558594,7572000
2020-02-14,53.25,53.75,52.25,52.25,45.24455261230469,10312800
2020-02-17,52.5,52.75,52.0,52.5,45.46102523803711,2632000
2020-02-18,51.0,51.25,49.25,50.0,43.29621887207031,33788100
2020-02-19,50.25,51.0,49.75,50.0,43.29621887207031,20554100
2020-02-20,50.25,50.5,49.25,49.75,43.07973861694336,13211300
2020-02-21,49.25,50.0,49.0,50.0,43.29621887207031,12611500
2020-02-24,49.25,49.25,46.75,46.75,40.481964111328125,22554200
2020-02-25,47.0,48.75,46.25,48.0,41.56437301635742,28598700
2020-02-26,47.0,47.5,44.5,44.5,38.53363800048828,27658000
2020-02-27,44.75,45.5,43.0,45.0,38.96659469604492,25106200
2020-02-28,42.0,42.75,41.0,41.25,36.53118896484375,25915400
2020-03-02,42.0,42.25,39.75,40.25,35.64558029174805,17284700
2020-03-03,41.5,43.25,41.25,42.75,37.85959243774414,24720700
2020-03-04,42.25,43.5,41.75,43.25,38.302391052246094,15804300
2020-03-05,44.0,44.75,43.25,43.75,38.74519348144531,17149200
2020-03-06,42.5,42.75,41.75,42.25,37.41679382324219,13130900
2020-03-09,30.0,35.75,30.0,31.0,27.4537410736084,114784100
2020-03-10,31.75,32.5,29.25,30.25,26.789535522460938,108139600
2020-03-11,31.0,31.75,29.5,29.75,26.34673309326172,71336200
2020-03-12,27.75,28.0,25.5,26.0,23.025718688964844,49852300
2020-03-13,23.200000762939453,27.25,21.600000381469727,27.0,23.91132164001465,86638600
2020-03-16,25.0,26.5,24.0,24.0,21.254507064819336,41904500
2020-03-17,24.100000381469727,26.0,24.100000381469727,24.5,21.697311401367188,53408700
2020-03-18,25.0,25.75,24.0,24.299999237060547,21.520187377929688,38277400
2020-03-19,23.600000381469727,24.700000762939453,23.200000762939453,24.200000762939453,21.431631088256836,45846200
2020-03-20,25.5,27.75,24.799999237060547,27.75,24.575523376464844,54253200
2020-03-23,25.0,26.5,24.799999237060547,24.799999237060547,21.962993621826172,31212300
2020-03-24,26.25,26.75,24.799999237060547,25.5,22.582914352416992,48840400
2020-03-25,26.75,29.0,26.5,27.75,24.575523376464844,59486500
2020-03-26,27.5,29.5,27.25,28.0,24.796924591064453,52474400
2020-03-27,29.0,29.25,27.75,28.25,25.018327713012695,34742000
2020-03-30,27.75,27.75,26.75,27.5,24.354122161865234,23700600
2020-03-31,28.5,30.5,28.25,30.5,27.01093864440918,49128100
2020-04-01,30.25,32.5,30.0,31.25,27.67514419555664,51509500
2020-04-02,32.0,35.5,31.5,34.75,30.774757385253906,87035300
2020-04-03,36.75,37.25,34.5,36.75,32.54596710205078,67483000
2020-04-07,38.5,39.25,37.5,38.0,33.65297317504883,64716900
2020-04-08,37.0,37.25,35.5,35.75,31.66036033630371,46491100
2020-04-09,37.0,37.25,34.5,34.75,30.774757385253906,35997500
2020-04-10,34.5,35.25,34.0,34.75,30.774757385253906,21952900
2020-04-13,35.25,35.5,34.5,35.5,31.4389591217041,13074500
2020-04-14,36.5,37.0,35.5,36.75,32.54596710205078,35353600
2020-04-15,37.5,39.0,36.75,39.0,34.53857421875,72048300
2020-04-16,38.5,38.5,35.75,35.75,31.66036033630371,36217500
2020-04-17,37.25,37.25,36.0,36.75,32.54596710205078,30408500
2020-04-20,37.0,37.5,36.0,36.75,32.54596710205078,23609000
2020-04-21,36.0,37.0,35.5,36.0,31.881759643554688,28155900
2020-04-22,35.5,35.75,34.25,35.0,30.99615478515625,46801400
2020-04-23,35.5,38.25,35.5,38.25,33.87437438964844,54760600
2020-04-24,38.0,38.5,36.5,36.75,32.54596710205078,35777900
2020-04-27,37.5,37.5,35.75,36.25,32.10316848754883,16643200
2020-04-28,36.0,37.0,35.5,36.75,32.54596710205078,17290900
2020-04-29,37.25,37.75,36.75,37.0,32.767372131347656,17108500
2020-04-30,38.0,38.75,37.25,37.75,33.43157196044922,37944500
2020-05-05,37.25,37.75,36.75,37.75,33.43157196044922,20109400
2020-05-07,37.5,37.75,36.5,37.0,32.767372131347656,21990300
2020-05-08,37.5,38.75,37.0,38.5,34.09577560424805,36619300
2020-05-11,39.5,41.75,39.0,40.5,35.86698913574219,75745400
2020-05-12,40.25,41.75,40.25,41.25,36.53118896484375,28522000
2020-05-13,41.0,41.75,40.75,41.0,36.30978775024414,21356800
2020-05-14,40.5,40.75,39.75,40.25,35.64558029174805,17516600
2020-05-15,41.0,42.25,40.5,41.75,36.9739875793457,29175400
2020-05-18,43.0,44.75,42.75,44.25,39.1879997253418,37070400
2020-05-19,46.0,46.5,45.25,46.0,40.73780822753906,45731500
2020-05-20,46.0,46.25,45.25,46.0,40.73780822753906,16966900
2020-05-21,46.25,46.5,44.5,45.0,39.85220718383789,28438100
2020-05-22,44.0,44.25,42.0,43.0,38.080989837646484,39437100
2020-05-25,42.5,44.0,42.25,44.0,38.96659469604492,18183200
2020-05-26,45.0,45.5,44.5,45.0,39.85220718383789,22781000
2020-05-27,44.5,44.75,43.0,44.0,38.96659469604492,29268400
2020-05-28,44.25,44.5,42.75,43.0,38.080989837646484,25229000
2020-05-29,42.75,43.0,42.25,43.0,38.080989837646484,19420200
2020-06-01,44.25,45.75,43.75,45.5,40.29500961303711,48260500
2020-06-02,45.75,46.75,45.25,46.5,41.18061065673828,33724500
2020-06-04,47.5,48.0,46.5,47.75,42.28761672973633,40435500
2020-06-05,48.0,52.25,47.25,51.0,45.165828704833984,70644400
2020-06-08,52.25,53.25,51.0,51.25,45.387229919433594,46619100
2020-06-09,50.75,51.25,47.75,48.75,43.173221588134766,39309000
2020-06-10,48.75,49.75,47.25,49.0,43.394622802734375,28047100
2020-06-11,48.0,48.75,45.5,46.75,41.402008056640625,37219300
2020-06-12,44.5,46.25,43.5,45.5,40.29500961303711,49151500
2020-06-15,44.5,44.5,42.0,43.0,38.080989837646484,40446700
2020-06-16,44.75,46.25,44.25,45.5,40.29500961303711,52165900
2020-06-17,45.25,47.0,45.0,46.5,41.18061065673828,28376700
2020-06-18,45.5,47.5,45.5,47.0,41.623409271240234,16847100
2020-06-19,47.75,47.75,46.75,46.75,41.402008056640625,21213800
2020-06-22,47.0,47.5,46.75,47.25,41.844810485839844,10485900
2020-06-23,47.75,48.25,47.25,47.5,42.06621170043945,13782800
2020-06-24,47.75,48.0,45.75,45.75,40.51640701293945,22462100
2020-06-25,44.0,45.75,44.0,45.5,40.29500961303711,15902500
2020-06-26,45.75,46.0,44.5,45.25,40.07360076904297,11728300
2020-06-29,45.0,45.25,44.0,45.0,39.85220718383789,13205600
2020-06-30,46.0,47.0,45.5,46.25,40.95920944213867,18455300
2020-07-01,47.0,47.5,45.75,47.5,42.06621170043945,18193600
2020-07-02,48.0,48.75,47.5,48.5,42.951820373535156,27094500
2020-07-03,48.5,49.0,48.25,49.0,43.394622802734375,23130000
2020-07-07,50.5,50.75,49.25,49.25,43.616024017333984,29892000
2020-07-08,49.25,50.0,47.75,48.0,42.50901412963867,17124900
2020-07-09,48.0,48.5,47.0,47.75,42.28761672973633,17819000
2020-07-10,47.25,47.5,45.25,46.0,40.73780822753906,25506700
2020-07-13,46.5,47.25,45.75,46.0,40.73780822753906,15252100
2020-07-14,45.5,46.5,44.5,46.25,40.95920944213867,16570000
2020-07-15,47.25,48.0,46.5,47.5,42.06621170043945,19347100
2020-07-16,47.5,48.0,46.0,47.0,41.623409271240234,16573400
2020-07-17,47.25,47.5,46.75,47.25,41.844810485839844,6789500
2020-07-20,47.25,48.0,47.25,47.75,42.28761672973633,11376000
2020-07-21,48.5,50.5,48.5,50.5,44.72303009033203,45855500
2020-07-22,51.0,51.0,49.75,50.0,44.28022766113281,31913000
2020-07-23,50.0,50.25,49.0,50.0,44.28022766113281,14034600
2020-07-24,49.25,49.5,48.5,48.5,42.951820373535156,14216800
2020-07-29,48.25,48.5,46.75,47.0,41.623409271240234,19910700
2020-07-30,47.25,47.75,45.0,45.75,40.51640701293945,20845900
2020-07-31,45.5,47.5,45.0,47.0,41.623409271240234,29152300
2020-08-03,46.75,47.5,46.0,46.75,41.402008056640625,12641600
2020-08-04,47.5,48.0,47.0,47.25,41.844810485839844,18186400
2020-08-05,47.75,49.75,47.5,49.0,43.394622802734375,37428600
2020-08-06,49.5,51.5,49.5,51.25,45.387229919433594,50936700
2020-08-07,51.0,51.0,49.25,49.5,43.83742141723633,21671100
2020-08-10,49.75,50.5,49.75,50.0,44.28022766113281,10248900
2020-08-11,50.75,51.0,49.0,49.25,43.616024017333984,15709400
2020-08-13,50.0,51.0,49.75,50.5,44.72303009033203,13631400
2020-08-14,50.5,51.0,49.25,49.25,43.616024017333984,15019300
2020-08-17,49.5,50.0,49.0,50.0,44.28022766113281,11172400
2020-08-18,49.75,50.25,49.25,50.0,44.28022766113281,8570500
2020-08-19,50.0,50.25,48.5,49.0,43.394622802734375,12639200
2020-08-20,48.25,48.75,47.0,47.5,42.06621170043945,20348100
2020-08-21,48.0,48.25,47.0,47.25,41.844810485839844,8703900
2020-08-24,47.75,49.75,47.5,49.25,43.616024017333984,15864800
2020-08-25,49.75,50.0,48.5,48.75,43.173221588134766,16320500
2020-08-26,49.0,49.25,48.0,48.5,42.951820373535156,8706400
2020-08-27,48.0,48.25,47.5,47.5,42.06621170043945,17556100
2020-08-28,47.75,48.5,46.5,47.0,41.623409271240234,19331300
2020-08-31,47.25,47.5,46.25,46.25,40.95920944213867,11026600
2020-09-01,46.0,46.5,45.5,45.75,40.51640701293945,16531600
2020-09-02,46.0,46.75,45.0,46.25,40.95920944213867,18511700
2020-09-03,46.5,46.5,45.0,45.25,40.07360076904297,12760800
2020-09-08,44.75,44.75,44.0,44.0,38.96659469604492,11798700
2020-09-09,43.0,44.25,42.75,44.0,38.96659469604492,23292500
2020-09-10,44.25,44.5,43.25,43.5,38.5237922668457,13021300
2020-09-11,43.75,43.75,42.75,43.0,38.080989837646484,11299900
2020-09-14,43.0,43.25,42.25,42.5,37.638187408447266,12196000
2020-09-15,42.5,43.5,42.25,43.25,38.302391052246094,11275300
2020-09-16,43.25,43.75,42.75,43.5,38.5237922668457,11928200
2020-09-17,43.0,43.5,42.75,42.75,37.85959243774414,8528200
2020-09-18,43.0,43.75,42.75,43.0,38.080989837646484,9558300
2020-09-21,43.25,43.25,41.0,41.5,36.75259017944336,14434300
2020-09-22,41.0,41.25,40.0,40.5,35.86698913574219,14073300
2020-09-23,40.25,40.25,38.25,38.5,34.09577560424805,28885400
2020-09-24,37.75,40.25,37.25,39.75,35.20277786254883,25379300
2020-09-25,40.25,40.75,39.0,39.5,34.98137664794922,11975800
2020-09-28,39.75,40.0,39.5,40.0,35.4241828918457,9631200
2020-09-29,40.0,40.25,38.5,39.25,34.75997543334961,9143700
2020-09-30,39.25,40.0,39.0,39.25,34.75997543334961,14435700
2020-10-01,39.5,40.0,38.5,40.0,35.4241828918457,11870600
2020-10-02,39.5,39.75,38.75,39.25,34.75997543334961,10414000
2020-10-05,39.25,40.0,39.0,39.25,34.75997543334961,9508200
2020-10-06,40.0,42.0,40.0,41.5,36.75259017944336,30570300
2020-10-07,41.0,42.0,40.5,41.5,36.75259017944336,14284600
2020-10-08,41.75,42.25,40.75,41.5,36.75259017944336,18826800
2020-10-09,41.75,41.75,40.75,41.0,36.30978775024414,8872300
2020-10-12,41.0,42.0,41.0,41.5,36.75259017944336,10331500
2020-10-14,41.5,41.75,40.0,40.75,36.08838653564453,14152500
2020-10-15,40.5,43.25,40.5,41.75,36.9739875793457,29912500
2020-10-16,42.0,42.25,40.75,41.25,36.53118896484375,14413000
2020-10-19,41.0,41.25,39.5,40.25,35.64558029174805,16669900
2020-10-20,40.5,40.5,39.0,39.5,34.98137664794922,14500100
2020-10-21,40.0,40.25,39.5,40.0,35.4241828918457,9857800
2020-10-22,40.0,41.25,39.5,40.5,35.86698913574219,14147800
2020-10-26,40.5,40.75,39.75,40.25,35.64558029174805,7148300
2020-10-27,39.75,40.75,39.5,40.5,35.86698913574219,12757000
2020-10-28,41.0,41.25,40.25,40.5,35.86698913574219,13890900
2020-10-29,40.0,41.25,39.5,40.25,35.64558029174805,11650600
2020-10-30,40.25,40.25,39.0,40.0,35.4241828918457,14033300
2020-11-02,39.75,40.0,39.0,39.0,34.53857421875,12372300
2020-11-03,40.0,42.75,40.0,41.75,36.9739875793457,32179500
2020-11-04,41.75,42.5,41.0,41.75,36.9739875793457,20134700
2020-11-05,43.25,44.25,43.0,44.25,39.1879997253418,42737200
2020-11-06,44.0,45.25,43.5,44.5,39.409400939941406,31698000
2020-11-09,46.25,47.25,45.5,46.25,40.95920944213867,35897200
2020-11-10,48.25,49.75,47.5,49.25,43.616024017333984,53209800
2020-11-11,50.25,51.0,48.75,50.0,44.28022766113281,37912600
2020-11-12,49.75,50.75,49.5,50.5,44.72303009033203,29299700
2020-11-13,49.75,51.25,49.5,50.75,44.94443130493164,26596900
2020-11-16,51.25,51.5,50.0,50.25,44.50162887573242,19982300
2020-11-17,51.5,52.0,50.0,50.5,44.72303009033203,24913800
2020-11-18,50.5,51.75,49.5,51.75,45.83003234863281,18791700
2020-11-19,51.75,54.0,51.5,53.75,47.60124206542969,51111000
2020-11-20,53.5,54.5,53.25,54.5,48.26544189453125,20659400
2020-11-23,55.0,57.0,54.75,56.75,50.258056640625,32484000
2020-11-24,57.75,58.5,55.75,56.25,49.81525421142578,35358200
2020-11-25,58.0,59.0,57.25,59.0,52.25065994262695,39817600
2020-11-26,59.0,59.5,58.5,59.25,52.472068786621094,24155900
2020-11-27,59.0,59.25,58.5,59.0,52.25065994262695,17676800
2020-11-30,57.75,59.0,56.75,57.25,50.70085525512695,50448000
2020-12-01,57.5,57.75,57.0,57.5,50.92226028442383,23615900
2020-12-02,57.0,57.75,56.25,56.75,50.258056640625,22450800
2020-12-03,57.0,58.5,56.75,58.25,51.586463928222656,21725400
2020-12-04,58.5,59.25,58.25,59.0,52.25065994262695,21846800
2020-12-08,58.0,61.0,57.75,60.25,53.35767364501953,49023300
2020-12-09,60.5,60.75,59.0,59.75,52.91486740112305,30021700
2020-12-14,59.25,59.5,57.25,57.75,51.14366149902344,33743900
2020-12-15,57.75,59.5,56.5,59.5,52.69346618652344,41799400
2020-12-16,60.25,60.5,58.75,59.25,52.472068786621094,46337000
2020-12-17,59.5,60.0,58.25,59.25,52.472068786621094,26285900
2020-12-18,59.0,59.5,58.0,59.25,52.472068786621094,27521100
2020-12-21,58.0,59.0,56.0,56.0,49.593849182128906,36694800
2020-12-22,56.0,59.0,55.5,58.25,51.586463928222656,29136700
2020-12-23,58.0,58.75,56.5,56.75,50.258056640625,24088200
2020-12-24,57.25,58.5,56.75,58.5,51.807865142822266,22389800
2020-12-25,59.0,60.25,58.5,59.75,52.91486740112305,26734200
2020-12-28,60.25,60.75,58.0,58.0,51.36506271362305,16523500
2020-12-29,58.0,59.75,57.75,59.75,52.91486740112305,16106000
2020-12-30,60.25,60.25,58.25,58.5,51.807865142822266,14939600
2021-01-04,57.0,60.0,57.0,59.75,52.91486740112305,24270300
2021-01-05,59.25,60.25,58.75,59.75,52.91486740112305,22280300
2021-01-06,61.25,62.5,59.75,60.25,53.35767364501953,46758300
2021-01-07,61.75,62.25,61.0,62.25,55.128883361816406,24040800
2021-01-08,62.5,63.5,61.75,62.0,54.9074821472168,33970300
2021-01-11,62.5,63.5,61.75,62.25,55.128883361816406,26292000
2021-01-12,62.25,64.5,62.25,64.25,56.90009307861328,45229000
2021-01-13,65.0,65.25,64.0,64.25,56.90009307861328,32445100
2021-01-14,64.25,64.5,63.0,63.25,56.01448059082031,18651300
2021-01-15,63.5,63.75,62.25,62.5,55.35028839111328,15416800
2021-01-18,61.75,62.0,61.0,61.5,54.46467590332031,13510600
2021-01-19,62.0,64.0,61.75,63.5,56.23588943481445,18571100
2021-01-20,63.75,64.0,63.0,63.0,55.79308319091797,13109200
2021-01-21,63.25,64.0,62.5,63.0,55.79308319091797,8426100
2021-01-22,62.25,62.5,60.75,61.25,54.24327850341797,17324100
2021-01-25,60.5,62.25,60.5,62.0,54.9074821472168,10262300
2021-01-26,61.75,63.0,61.0,62.75,55.571685791015625,10746500
2021-01-27,62.5,62.75,61.5,61.5,54.46467590332031,10217700
2021-01-28,60.75,61.25,60.0,60.0,53.13627243041992,15141800
2021-01-29,60.0,60.25,57.5,59.0,52.25065994262695,22754900
2021-02-01,59.0,61.0,58.25,60.75,53.80047607421875,11759300
2021-02-02,61.5,62.0,60.75,61.0,54.02187728881836,12123000
2021-02-03,62.0,62.5,61.0,61.25,54.24327850341797,10922900
2021-02-04,61.5,62.75,61.5,62.0,54.9074821472168,16798600
2021-02-05,62.5,62.75,61.75,62.0,54.9074821472168,10188400
2021-02-08,62.5,63.5,62.5,63.0,55.79308319091797,13725700
2021-02-09,64.0,65.0,63.75,64.75,57.342891693115234,26508000
2021-02-10,64.75,64.75,63.5,63.75,56.4572868347168,13164000
2021-02-11,64.0,64.0,63.0,63.25,56.01448059082031,7341100
2021-02-15,64.0,64.5,63.75,64.0,56.678688049316406,10098700
2021-02-16,65.0,67.0,64.75,66.25,58.67129898071289,43813800
2021-02-17,66.0,66.75,65.0,65.5,58.0070915222168,22032700
2021-02-18,65.75,66.0,65.0,65.5,58.0070915222168,13607600
2021-02-19,65.0,65.0,63.0,63.5,56.23588943481445,17198800
2021-02-22,63.75,64.25,62.0,62.25,55.128883361816406,15096500
2021-02-23,63.25,64.5,62.5,64.0,56.678688049316406,17676400
2021-02-24,64.25,64.5,62.5,62.75,55.571685791015625,19190300
2021-02-25,62.75,64.25,62.5,62.75,56.47163009643555,22646300
2021-03-01,62.25,63.75,61.75,62.75,56.47163009643555,12068900
2021-03-02,63.0,63.5,62.5,62.75,56.47163009643555,10307900
2021-03-03,63.25,64.5,63.25,64.5,58.046539306640625,16890400
2021-03-04,64.25,64.75,63.0,63.25,56.921600341796875,15625400
2021-03-05,63.75,66.25,63.75,65.5,58.94647979736328,42087500
2021-03-08,68.0,69.0,67.25,67.75,60.97136306762695,46913800
2021-03-09,67.75,68.25,66.0,66.75,60.071414947509766,28270700
2021-03-10,66.0,67.75,65.75,67.5,60.746376037597656,21050800
2021-03-11,68.0,68.25,66.75,67.0,60.29640197753906,13242600
2021-03-12,67.25,68.75,67.25,68.0,61.196346282958984,21453000
2021-03-15,68.25,68.5,67.25,68.5,61.646324157714844,16882000
2021-03-16,68.75,69.0,67.5,67.75,60.97136306762695,12769500
2021-03-17,67.5,67.5,65.75,66.25,59.62144088745117,24730800
2021-03-18,66.75,67.5,66.0,66.25,59.62144088745117,11019800
2021-03-19,65.25,65.5,64.5,65.0,58.49651336669922,28744000
2021-03-22,65.0,65.5,64.5,64.75,58.27152633666992,12913200
2021-03-23,65.0,65.25,64.0,64.0,57.596561431884766,13547000
2021-03-24,63.0,63.5,62.5,63.25,56.921600341796875,26301300
2021-03-25,63.5,64.0,63.25,63.25,56.921600341796875,14981700
2021-03-26,63.25,63.75,63.0,63.0,56.69661331176758,15460800
2021-03-29,63.5,64.25,63.25,63.5,57.14658737182617,17196300
2021-03-30,64.0,64.25,63.0,63.0,56.69661331176758,18269600
2021-03-31,63.0,63.25,62.5,62.75,56.47163009643555,19454000
2021-04-01,62.75,63.5,62.75,63.25,56.921600341796875,14660500
2021-04-02,63.5,63.75,62.75,62.75,56.47163009643555,10465700
2021-04-05,62.75,62.75,61.0,61.25,55.12171173095703,26611900
2021-04-07,60.75,62.0,60.75,61.0,54.896728515625,19645500
2021-04-08,61.5,61.75,61.0,61.5,55.34669876098633,13083100
2021-04-09,62.25,62.5,61.5,62.0,55.79667282104492,15796300
2021-04-12,61.5,62.25,60.5,61.0,54.896728515625,11490200
2021-04-16,62.0,62.5,61.75,62.5,56.246646881103516,14599900
2021-04-19,63.0,63.5,62.25,63.25,56.921600341796875,19234200
2021-04-20,63.5,64.25,62.5,63.25,56.921600341796875,17806400
2021-04-21,63.0,63.5,62.75,63.0,56.69661331176758,9251800
2021-04-22,62.75,63.25,62.25,62.25,56.02165985107422,15637300
2021-04-23,62.5,62.5,61.5,61.75,55.571685791015625,16756500
2021-04-26,62.25,64.0,62.0,63.75,57.37157440185547,21572200
2021-04-27,64.25,64.25,63.5,64.0,57.596561431884766,13500400
2021-04-28,64.25,65.5,64.0,65.25,58.72149658203125,28427000
2021-04-29,66.75,68.0,66.5,67.5,60.746376037597656,42373800
2021-04-30,68.25,68.25,67.0,67.75,60.97136306762695,27195600
2021-05-05,67.5,68.25,66.25,66.75,60.071414947509766,23320300
2021-05-06,66.75,68.0,66.5,67.75,60.97136306762695,15749700
2021-05-07,68.25,70.0,67.75,69.5,62.5462646484375,53290400
2021-05-10,69.75,70.0,68.75,69.0,62.096290588378906,16410800
2021-05-11,68.0,68.75,67.5,68.5,61.646324157714844,17324300
2021-05-12,68.0,68.25,67.0,67.25,60.52138900756836,25580200
2021-05-13,66.75,67.25,64.25,67.0,60.29640197753906,33747700
2021-05-14,67.25,67.75,66.25,67.5,60.746376037597656,15207800
2021-05-17,67.5,68.0,66.75,67.0,60.29640197753906,11245700
2021-05-18,67.5,68.0,66.75,66.75,60.071414947509766,13992800
2021-05-19,66.25,67.0,65.75,65.75,59.17146682739258,9665200
2021-05-20,65.5,66.0,64.75,65.25,58.72149658203125,15913700
2021-05-21,65.5,65.75,64.5,64.5,58.046539306640625,10701600
2021-05-24,64.5,65.5,64.0,64.25,57.82154846191406,13829900
2021-05-25,64.5,64.5,61.75,62.5,56.246646881103516,45956200
2021-05-27,62.75,63.25,62.75,62.75,56.47163009643555,20149500
2021-05-28,63.25,63.5,62.5,63.0,56.69661331176758,12955300
2021-05-31,63.0,63.25,62.25,63.25,56.921600341796875,10116300
2021-06-01,63.5,64.0,62.75,63.75,57.37157440185547,28956000
2021-06-02,64.5,65.0,63.75,64.0,57.596561431884766,23482900
2021-06-04,64.0,64.25,63.0,63.25,56.921600341796875,16411000
2021-06-07,63.75,64.0,62.75,63.0,56.69661331176758,12238200
2021-06-08,62.75,63.0,61.5,61.75,55.571685791015625,35510000
2021-06-09,61.75,62.5,61.75,62.25,56.02165985107422,14625800
2021-06-10,62.0,62.5,61.0,61.0,54.896728515625,33305900
2021-06-11,61.0,61.5,61.0,61.25,55.12171173095703,24487500
2021-06-14,61.25,61.25,60.25,60.5,54.44675064086914,21505100
2021-06-15,60.25,60.5,59.25,59.25,53.321815490722656,34777300
2021-06-16,59.5,61.5,59.5,60.25,54.221763610839844,28983000
2021-06-17,60.0,60.25,59.0,59.0,53.09682846069336,39404300
2021-06-18,58.5,59.25,58.0,58.75,52.87184524536133,35506500
2021-06-21,57.75,58.5,57.5,57.75,51.97189712524414,25333800
2021-06-22,58.75,59.0,57.75,57.75,51.97189712524414,18015100
2021-06-23,58.25,58.5,57.75,58.0,52.19688415527344,14299500
2021-06-24,58.0,59.25,57.5,59.25,53.321815490722656,32543600
2021-06-25,59.75,60.0,58.25,59.0,53.09682846069336,28954400
2021-06-28,58.25,59.25,58.25,59.25,53.321815490722656,14030300
2021-06-29,59.0,60.25,59.0,59.75,53.77178955078125,16880000
2021-06-30,60.25,60.5,59.0,59.0,53.09682846069336,17518700
2021-07-01,59.5,59.75,58.75,59.25,53.321815490722656,11223100
2021-07-02,59.5,60.5,59.25,60.0,53.99677658081055,25552700
2021-07-05,60.0,60.25,59.5,60.25,54.221763610839844,7199600
2021-07-06,60.75,61.25,60.0,60.25,54.221763610839844,15399700
2021-07-07,60.0,60.0,58.5,59.0,53.09682846069336,17684900
2021-07-08,58.25,58.5,57.75,58.25,52.421871185302734,25463100
2021-07-09,58.0,59.25,58.0,58.5,52.646854400634766,14432900
2021-07-12,58.5,59.0,54.25,54.75,49.272056579589844,110307500
2021-07-13,56.5,58.5,56.25,58.0,52.19688415527344,75362300
2021-07-14,58.0,58.5,56.0,56.75,51.07195281982422,50322800
2021-07-15,57.25,57.5,56.5,57.0,51.296939849853516,20334700
2021-07-16,57.25,58.0,56.5,58.0,52.19688415527344,17968600
2021-07-19,56.75,57.5,56.75,57.25,51.52192306518555,18738900
2021-07-20,56.75,56.75,55.5,56.0,50.39699172973633,27641800
2021-07-21,56.25,57.75,56.0,57.5,51.746910095214844,19020100
2021-07-22,58.25,58.75,57.25,58.0,52.19688415527344,19555500
2021-07-23,57.75,58.0,56.75,57.0,51.296939849853516,13480400
2021-07-27,57.0,58.5,56.5,57.0,51.296939849853516,26799200
2021-07-29,57.25,57.5,56.75,57.5,51.746910095214844,8221300
2021-07-30,57.0,57.25,56.25,56.75,51.07195281982422,16025300
2021-08-02,56.75,58.25,56.25,58.0,52.19688415527344,14104500
2021-08-03,57.75,58.75,57.5,58.5,52.646854400634766,14242700
2021-08-04,58.75,58.75,57.75,58.25,52.421871185302734,10117500
2021-08-05,58.0,58.75,57.0,57.25,51.52192306518555,33186300
2021-08-06,57.25,57.5,56.25,57.25,51.52192306518555,19628900
2021-08-09,57.25,58.25,57.25,58.0,52.19688415527344,11176600
2021-08-10,58.5,60.25,58.5,59.5,53.54680252075195,42583500
2021-08-11,59.75,60.25,59.0,59.25,53.321815490722656,18406900
2021-08-13,59.0,60.25,58.75,60.0,53.99677658081055,20623600
2021-08-16,60.25,60.5,59.25,60.5,54.44675064086914,12470800
2021-08-17,60.25,61.0,59.75,60.75,54.6717414855957,21867600
2021-08-18,60.75,61.0,59.75,60.25,54.221763610839844,13552200
2021-08-19,58.75,59.25,58.0,58.25,52.421871185302734,31314900
2021-08-20,58.0,58.25,56.25,56.5,50.84696578979492,79051500
2021-08-23,57.0,58.0,56.5,58.0,52.19688415527344,28488000
2021-08-24,59.5,60.25,59.25,59.5,53.54680252075195,39215700
2021-08-25,60.0,60.75,59.75,60.5,54.44675064086914,33282100
2021-08-26,60.75,62.0,60.5,62.0,55.79667282104492,37208000
2021-08-27,62.0,62.75,61.25,62.0,55.79667282104492,25871200
2021-08-30,62.75,64.0,62.5,63.5,57.14658737182617,27748700
2021-08-31,63.75,64.25,63.5,64.0,57.596561431884766,25662900
2021-09-01,64.0,64.25,62.5,62.75,56.47163009643555,30577100
2021-09-02,63.25,63.5,62.75,63.5,57.14658737182617,16759500
2021-09-03,61.75,62.0,61.0,61.5,57.14658737182617,18939900
2021-09-06,61.5,61.5,60.0,60.0,55.752769470214844,14956500
2021-09-07,60.0,60.75,59.0,59.25,55.05586242675781,22945300
2021-09-08,59.0,59.75,58.75,59.5,55.28816604614258,18784700
2021-09-09,59.5,60.5,59.25,60.25,55.98507308959961,15999300
2021-09-10,60.0,60.0,59.0,60.0,55.752769470214844,11667500
2021-09-13,60.0,60.5,59.75,60.5,56.217376708984375,12599000
2021-09-14,61.0,61.25,60.0,60.75,56.44968032836914,21640100
2021-09-15,60.5,61.0,59.5,60.0,55.752769470214844,17547300
2021-09-16,60.5,61.25,60.0,60.75,56.44968032836914,24049900
2021-09-17,61.0,61.0,60.0,60.5,56.217376708984375,17122800
2021-09-20,60.0,60.25,58.5,58.75,54.591251373291016,22657600
2021-09-21,58.75,59.75,58.75,59.5,55.28816604614258,14130500
2021-09-22,59.5,60.5,59.25,60.0,55.752769470214844,13178700
2021-09-23,60.25,61.0,60.0,60.5,56.217376708984375,18465400
2021-09-27,60.5,61.75,60.25,61.75,57.37889099121094,38175400
2021-09-28,62.5,64.25,62.25,63.75,59.2373161315918,66383100
2021-09-29,63.25,64.0,62.75,63.25,58.77271270751953,22502100
2021-09-30,63.25,63.5,62.5,63.25,58.77271270751953,16324500
2021-10-01,63.0,63.75,62.75,63.5,59.0050163269043,14575800
2021-10-04,63.25,64.0,63.0,64.0,59.46961975097656,18499700
2021-10-05,63.75,65.0,63.5,64.5,59.93423080444336,23582600
2021-10-06,64.75,65.25,64.0,64.5,59.93423080444336,24894100
2021-10-07,64.5,65.0,64.0,64.75,60.16653060913086,18235300
2021-10-08,65.0,65.25,64.5,65.0,60.39883804321289,9691300
2021-10-11,64.75,65.75,64.5,64.75,60.16653060913086,11556200
2021-10-12,65.25,65.25,64.25,64.75,60.16653060913086,10707000
2021-10-14,65.0,65.5,64.5,65.5,60.863441467285156,10199100
2021-10-15,65.5,65.5,64.5,64.75,60.16653060913086,10044000
2021-10-18,65.25,67.0,65.0,66.75,62.02495574951172,35190600
2021-10-19,66.75,66.75,64.75,65.5,60.863441467285156,18702600
2021-10-20,65.25,66.5,65.0,66.25,61.56034851074219,18118800
2021-10-21,66.5,66.75,65.25,66.0,61.32804489135742,12228600
2021-10-25,66.25,66.25,65.0,65.25,60.631134033203125,12761600
2021-10-26,65.25,65.5,64.0,65.0,60.39883804321289,19922500
2021-10-27,65.0,65.0,63.75,63.75,59.2373161315918,14188200
2021-10-28,62.75,63.0,61.75,62.25,57.8434944152832,25100100
2021-10-29,62.5,63.0,62.0,62.75,58.30810546875,15072500
2021-11-01,63.25,63.75,62.0,62.5,58.0758056640625,13545900
2021-11-02,62.75,62.75,61.5,62.0,57.61119079589844,14269900
2021-11-03,62.0,62.25,61.25,61.5,57.14658737182617,14541200
2021-11-04,61.5,62.0,61.0,62.0,57.61119079589844,12439700
2021-11-05,62.0,62.0,60.25,61.0,56.681983947753906,13720500
2021-11-08,61.0,62.5,61.0,61.75,57.37889099121094,13147200
2021-11-09,61.75,62.5,61.5,62.0,57.61119079589844,11336400
2021-11-10,62.0,63.0,61.75,62.5,58.0758056640625,19057000
2021-11-11,62.25,62.5,61.25,61.5,57.14658737182617,11023800
2021-11-12,61.5,61.75,61.25,61.5,57.14658737182617,6577600
2021-11-15,61.5,62.0,61.25,61.5,57.14658737182617,5988000
2021-11-16,61.75,62.25,61.25,61.5,57.14658737182617,7875500
2021-11-17,61.5,61.75,60.75,60.75,56.44968032836914,11968600
2021-11-18,60.5,61.25,60.25,61.25,56.91427993774414,8192000
2021-11-19,61.25,61.75,60.75,60.75,56.44968032836914,14445700
2021-11-22,60.5,60.75,59.5,59.75,55.52046585083008,19745600
2021-11-23,60.0,60.75,59.75,60.25,55.98507308959961,17524100
2021-11-24,60.75,61.75,60.5,60.75,56.44968032836914,15541500
2021-11-25,60.5,60.75,59.5,60.0,55.752769470214844,22581600
2021-11-26,59.75,59.75,58.0,58.25,54.12664794921875,45938800
2021-11-29,57.5,58.25,56.75,57.0,52.96512985229492,28651700
2021-11-30,57.5,57.75,55.5,56.25,52.268226623535156,64171800
2021-12-01,56.5,57.5,55.75,57.25,53.19743347167969,24593200
2021-12-02,56.75,57.5,56.5,57.5,53.42973709106445,13643200
2021-12-03,58.0,58.25,57.5,57.75,53.66204071044922,8535700
2021-12-07,58.5,59.0,57.75,58.5,54.358951568603516,14620600
2021-12-08,59.0,59.0,58.25,58.5,54.358951568603516,11995900
2021-12-09,58.5,58.75,57.75,58.25,54.12664794921875,8406100
2021-12-13,59.0,59.5,58.25,58.5,54.358951568603516,14795700
2021-12-14,58.25,58.5,56.75,58.25,54.12664794921875,23139500
2021-12-15,58.25,58.5,57.75,58.0,53.89434051513672,11030900
2021-12-16,58.5,59.0,57.75,59.0,54.82355499267578,13457700
2021-12-17,58.75,59.5,58.5,59.0,54.82355499267578,15037300
2021-12-20,58.5,58.75,57.25,57.5,53.42973709106445,17732900
2021-12-21,58.0,58.25,57.5,57.75,53.66204071044922,5611400
2021-12-22,58.25,58.5,57.5,57.75,53.66204071044922,6566600
2021-12-23,58.25,58.75,58.0,58.25,54.12664794921875,6946800
2021-12-24,58.25,58.75,58.0,58.5,54.358951568603516,5260800
2021-12-27,58.5,58.75,57.75,57.75,53.66204071044922,5390000
2021-12-28,58.25,58.5,58.0,58.25,54.12664794921875,9776100
2021-12-29,58.25,58.5,58.0,58.5,54.358951568603516,7278800
2021-12-30,58.5,59.0,58.25,58.75,54.591251373291016,7684700
2022-01-04,59.0,59.75,59.0,59.5,55.28816604614258,14382200
2022-01-05,59.5,61.25,59.5,60.5,56.217376708984375,30226600
2022-01-06,60.5,60.5,59.0,59.0,54.82355499267578,20122500
2022-01-07,59.25,59.5,58.75,59.0,54.82355499267578,14317900
2022-01-10,59.25,60.5,59.0,59.75,55.52046585083008,16921800
2022-01-11,59.75,60.5,59.5,60.25,55.98507308959961,17069400
2022-01-12,61.0,61.25,60.5,61.0,56.681983947753906,15829700
2022-01-13,61.25,61.5,60.75,61.0,56.681983947753906,9963500
2022-01-14,60.5,61.0,60.0,60.5,56.217376708984375,8054500
2022-01-17,60.5,61.0,59.25,59.5,55.28816604614258,15068400
2022-01-18,59.5,59.75,57.5,57.75,53.66204071044922,42746600
2022-01-19,57.75,58.75,57.5,58.25,54.12664794921875,18772100
2022-01-20,58.0,58.5,57.5,57.75,53.66204071044922,13184400
2022-01-21,57.5,57.5,56.5,57.25,53.19743347167969,13886000
2022-01-24,57.0,57.5,56.75,57.25,53.19743347167969,13869500
2022-01-25,57.25,57.25,56.0,56.75,52.732826232910156,15613500
2022-01-26,57.0,57.75,56.75,57.0,52.96512985229492,13908500
2022-01-27,56.75,57.25,56.25,57.0,52.96512985229492,10178300
2022-01-28,57.25,57.25,56.5,56.75,52.732826232910156,12428300
2022-01-31,57.0,57.0,56.5,56.5,52.500526428222656,12454600
2022-02-01,56.75,57.0,56.25,56.5,52.500526428222656,9796400
2022-02-02,56.5,57.0,56.25,56.5,52.500526428222656,5887000
2022-02-03,56.25,57.25,56.25,57.0,52.96512985229492,10620700
2022-02-04,57.0,58.0,56.75,57.5,53.42973709106445,15877300
2022-02-07,58.0,58.25,57.5,57.75,53.66204071044922,14875000
2022-02-08,57.75,58.0,57.0,57.5,53.42973709106445,13524900
2022-02-09,57.75,58.75,57.0,58.25,54.12664794921875,21418700
2022-02-10,58.5,58.75,57.25,57.75,53.66204071044922,21881100
2022-02-11,57.75,58.0,57.0,57.75,53.66204071044922,15197100
2022-02-14,58.25,58.75,57.25,57.25,53.19743347167969,32021900
2022-02-15,57.75,58.0,56.0,56.5,52.500526428222656,58107600
2022-02-17,56.75,57.0,56.0,56.25,52.268226623535156,30667900
2022-02-18,56.0,56.25,54.75,55.0,51.1067008972168,60620600
2022-02-21,55.0,55.5,54.75,55.0,51.1067008972168,24792200
2022-02-22,55.0,55.0,54.5,54.75,50.87439727783203,20530200
2022-02-23,54.75,54.75,54.0,54.75,50.87439727783203,22203500
2022-02-24,54.25,54.5,54.0,54.25,50.40979766845703,18468300
2022-02-25,54.75,55.25,54.25,55.0,51.1067008972168,19424000
2022-02-28,53.25,53.5,52.5,53.0,50.86676788330078,23947600
2022-03-01,53.25,53.5,52.25,52.25,50.14695739746094,19620400
2022-03-02,52.0,52.75,51.75,52.25,50.14695739746094,22663200
2022-03-03,52.0,52.5,51.25,51.5,49.42713928222656,26504600
2022-03-04,51.25,51.25,50.5,50.5,48.46738815307617,23721600
2022-03-07,49.75,50.0,49.0,49.25,47.267704010009766,25586000
2022-03-08,49.0,49.25,47.5,48.75,46.78782653808594,43623900
2022-03-09,48.75,49.0,47.5,48.75,46.78782653808594,31020000
2022-03-10,49.5,50.75,49.0,50.0,47.987518310546875,42376700
2022-03-11,49.5,51.0,49.25,51.0,48.947265625,18892000
2022-03-14,50.5,50.75,50.0,50.5,48.46738815307617,8311300
2022-03-15,50.25,50.75,49.5,50.0,47.987518310546875,10715500
2022-03-16,50.25,50.5,49.5,50.25,48.22745132446289,8131700
2022-03-17,50.5,51.25,50.25,50.5,48.46738815307617,20250900
2022-03-18,50.75,51.25,50.5,50.5,48.46738815307617,30370100
2022-03-21,51.0,51.0,49.75,50.0,47.987518310546875,16409800
2022-03-22,50.0,51.0,50.0,50.25,48.22745132446289,13662600
2022-03-23,50.75,51.25,50.5,50.75,48.70732498168945,14941200
2022-03-24,51.0,51.75,50.5,51.5,49.42713928222656,16928000
2022-03-25,51.5,52.75,51.25,51.5,49.42713928222656,31099500
2022-03-28,51.5,52.0,51.5,51.75,49.667076110839844,20607900
2022-03-29,52.0,52.0,51.25,51.5,49.42713928222656,9233900
2022-03-30,51.75,51.75,50.25,50.75,48.70732498168945,22834400
2022-03-31,50.75,50.75,50.0,50.75,48.70732498168945,13294300
2022-04-01,50.5,50.5,49.75,50.0,47.987518310546875,13591400
2022-04-04,50.0,50.5,50.0,50.0,47.987518310546875,3863900
2022-04-05,50.5,51.5,50.25,51.5,49.42713928222656,14423900
2022-04-07,50.75,51.0,50.0,50.0,47.987518310546875,19523600
2022-04-08,50.25,50.75,50.0,50.25,48.22745132446289,6178000
2022-04-11,50.0,50.25,49.5,50.0,47.987518310546875,15986200
2022-04-12,49.75,49.75,49.25,49.25,47.267704010009766,8266100
2022-04-18,49.25,49.75,49.0,49.0,47.027767181396484,10714500
2022-04-19,49.5,50.0,49.0,49.5,47.50764083862305,17563000
2022-04-20,49.5,49.75,49.25,49.5,47.50764083862305,12179600
2022-04-21,49.5,50.0,49.5,49.5,47.50764083862305,8379600
2022-04-22,49.5,49.75,49.0,49.5,47.50764083862305,12371000
2022-04-25,49.0,49.25,48.5,49.0,47.027767181396484,15012900
2022-04-26,49.25,49.25,48.25,48.25,46.30794906616211,19711900
2022-04-27,48.25,48.5,47.25,47.5,45.588138580322266,24632300
2022-04-28,47.5,49.25,47.5,48.75,46.78782653808594,16186200
2022-04-29,49.0,50.75,48.75,50.0,47.987518310546875,21080100
2022-05-03,50.0,51.0,50.0,50.25,48.22745132446289,14188000
2022-05-05,51.0,51.5,50.0,50.25,48.22745132446289,24390100
2022-05-06,49.25,49.75,48.75,49.5,47.50764083862305,14751400
2022-05-09,49.25,49.75,49.0,49.0,47.027767181396484,6152500
2022-05-10,48.75,49.0,48.0,48.75,46.78782653808594,12455200
2022-05-11,48.5,48.75,47.5,48.0,46.068016052246094,14773500
2022-05-12,47.5,47.75,44.5,44.75,42.94882583618164,85351400
2022-05-13,45.0,45.5,44.25,44.25,42.46894836425781,31668600
2022-05-17,44.75,46.25,44.5,46.25,44.388450622558594,32161700
2022-05-18,46.25,47.0,45.5,47.0,45.1082649230957,21549700
2022-05-19,46.0,46.75,46.0,46.25,44.388450622558594,8188400
2022-05-20,47.0,47.0,46.5,46.5,44.628387451171875,9975100
2022-05-23,47.0,47.5,46.75,47.5,45.588138580322266,8389500
2022-05-24,47.5,47.75,47.0,47.25,45.348201751708984,6668700
2022-05-25,47.25,47.75,46.25,46.5,44.628387451171875,18217800
2022-05-26,46.5,47.25,46.5,47.0,45.1082649230957,7023800
2022-05-27,47.75,48.0,47.25,47.5,45.588138580322266,9711800
2022-05-30,48.25,48.25,47.25,48.0,46.068016052246094,11328600
2022-05-31,48.0,48.5,47.5,48.25,46.30794906616211,29162300
2022-06-01,48.25,48.5,47.5,48.25,46.30794906616211,10042900
2022-06-02,48.0,48.75,48.0,48.25,46.30794906616211,6548200
2022-06-06,48.0,48.5,47.5,48.0,46.068016052246094,11834200
2022-06-07,48.0,48.5,48.0,48.25,46.30794906616211,6974500
2022-06-08,48.5,48.75,48.5,48.5,46.54788589477539,5093700
2022-06-09,48.25,49.0,48.25,48.75,46.78782653808594,17598100
2022-06-10,48.25,48.5,47.0,47.25,45.348201751708984,19335500
2022-06-13,46.0,46.25,45.25,45.25,43.4286994934082,20098100
2022-06-14,45.5,47.0,45.5,46.25,44.388450622558594,21367500
2022-06-15,46.75,46.75,45.5,46.25,44.388450622558594,13362500
2022-06-16,46.5,46.5,45.25,45.25,43.4286994934082,18403400
2022-06-17,44.75,45.0,41.75,43.75,41.989078521728516,33949000
2022-06-20,44.0,44.25,43.5,44.0,42.22901153564453,5765200
2022-06-21,44.5,44.75,44.0,44.75,42.94882583618164,5756100
2022-06-22,44.5,45.5,44.0,44.75,42.94882583618164,14147100
2022-06-23,45.0,45.25,44.5,44.75,42.94882583618164,6817400
2022-06-24,45.0,45.25,44.25,44.75,42.94882583618164,11212000
2022-06-27,45.25,46.25,45.25,45.75,43.9085807800293,9333000
2022-06-28,46.0,46.5,45.75,46.25,44.388450622558594,10106000
2022-06-29,45.75,46.25,45.5,46.0,44.14851379394531,6899100
2022-06-30,46.0,46.25,45.25,45.5,43.66864013671875,11902100
2022-07-01,45.0,45.75,45.0,45.5,43.66864013671875,5508800
2022-07-04,45.25,45.5,44.75,45.0,43.18876266479492,4553900
2022-07-05,45.25,45.25,44.25,44.5,42.708885192871094,6980300
2022-07-06,44.25,44.75,43.75,44.25,42.46894836425781,9889400
2022-07-07,44.25,45.0,43.75,44.75,42.94882583618164,10890600
2022-07-08,45.25,46.25,45.25,45.5,43.66864013671875,14169600
2022-07-11,45.25,45.5,44.75,45.0,43.18876266479492,6482600
2022-07-12,45.0,45.0,44.25,44.5,42.708885192871094,8515900
2022-07-14,43.75,44.25,43.5,43.75,41.989078521728516,17860700
2022-07-15,43.75,44.0,42.5,43.5,41.74913787841797,13540100
2022-07-18,43.75,44.5,43.0,44.0,42.22901153564453,10126200
2022-07-19,44.25,44.75,43.75,44.25,42.46894836425781,9722100
2022-07-20,44.5,44.75,44.0,44.25,42.46894836425781,7410000
2022-07-21,44.25,44.5,44.0,44.5,42.708885192871094,5131900
2022-07-22,44.75,44.75,44.0,44.25,42.46894836425781,6084700
2022-07-25,44.25,44.75,44.25,44.5,42.708885192871094,6055600
2022-07-26,44.75,44.75,43.25,43.5,41.74913787841797,17534900
2022-07-27,43.5,44.25,43.25,44.25,42.46894836425781,7101700
2022-08-01,44.25,45.75,44.0,45.25,43.4286994934082,18424000
2022-08-02,45.0,45.25,44.75,45.25,43.4286994934082,5958900
2022-08-03,45.25,45.75,45.0,45.5,43.66864013671875,9327700
2022-08-04,45.75,45.75,44.25,44.75,42.94882583618164,13360000
2022-08-05,44.75,45.5,44.0,45.25,43.4286994934082,10155500
2022-08-08,44.75,45.75,44.75,45.75,43.9085807800293,9229000
2022-08-09,46.0,47.0,45.5,46.5,44.628387451171875,13575300
2022-08-10,46.75,47.0,46.0,46.75,44.86832809448242,11928800
2022-08-11,47.0,47.0,45.75,46.25,44.388450622558594,11279700
2022-08-15,46.75,47.5,46.5,47.25,45.348201751708984,16418200
2022-08-16,47.5,48.25,47.25,47.5,45.588138580322266,12955700
2022-08-17,47.5,48.0,47.25,48.0,46.068016052246094,6765800
2022-08-18,48.0,48.25,47.0,47.5,45.588138580322266,9518800
2022-08-19,47.5,47.5,46.25,46.75,44.86832809448242,18614500
2022-08-22,46.25,46.75,46.0,46.5,44.628387451171875,8435100
2022-08-23,46.25,47.5,46.25,47.25,45.348201751708984,10908200
2022-08-24,47.0,47.75,47.0,47.25,45.348201751708984,11458000
2022-08-25,47.5,47.75,47.25,47.75,45.82807922363281,13905900
2022-08-26,47.75,48.0,47.0,47.75,45.82807922363281,12214700
2022-08-29,46.75,47.5,46.5,47.0,45.1082649230957,12766100
2022-08-30,47.25,48.0,47.0,47.5,45.588138580322266,11346400
2022-08-31,47.25,47.5,46.75,47.5,45.588138580322266,15603200
2022-09-01,47.25,47.5,46.25,46.5,44.628387451171875,17099200
2022-09-02,46.0,46.0,44.75,45.25,44.14064407348633,18355500
2022-09-05,45.25,45.5,44.5,44.75,43.65290451049805,7568300
2022-09-06,45.0,45.5,44.5,44.5,43.40903091430664,6665900
2022-09-07,44.5,44.75,43.5,44.5,43.40903091430664,15306300
2022-09-08,44.75,45.25,44.25,45.0,43.89677429199219,9081700
2022-09-09,45.0,45.0,44.5,44.75,43.65290451049805,7030900
2022-09-12,45.0,46.25,45.0,45.75,44.62839126586914,12620700
2022-09-13,46.0,46.0,45.5,46.0,44.87226104736328,6605400
2022-09-14,45.25,46.0,45.25,45.75,44.62839126586914,7533300
2022-09-15,46.0,46.0,45.25,45.25,44.14064407348633,8071700
2022-09-16,45.25,45.5,44.5,44.75,43.65290451049805,16775700
2022-09-19,44.75,45.0,44.25,44.5,43.40903091430664,5395800
2022-09-20,44.5,44.75,44.25,44.25,43.1651611328125,6768200
2022-09-21,44.0,44.5,43.75,44.0,42.92129135131836,12589300
2022-09-22,43.75,44.5,43.5,44.0,42.92129135131836,15724500
2022-09-23,44.25,44.25,43.0,43.25,42.18967819213867,15301300
2022-09-26,43.0,43.25,42.5,42.75,41.70193862915039,11652400
2022-09-27,42.75,43.25,42.5,43.0,41.94580841064453,9557200
2022-09-28,42.75,42.75,41.75,41.75,40.7264518737793,16217500
2022-09-29,42.0,42.25,41.25,41.25,40.23870849609375,9642100
2022-09-30,41.0,41.75,40.75,41.5,40.482582092285156,10775200
2022-10-03,41.25,42.25,41.25,41.5,40.482582092285156,18095500
2022-10-04,42.0,42.5,41.5,41.75,40.7264518737793,5576300
2022-10-05,42.0,42.5,41.5,41.75,40.7264518737793,7112300
2022-10-06,41.75,42.0,41.5,41.5,40.482582092285156,8487000
2022-10-07,41.5,41.75,40.75,41.0,39.99483871459961,6532500
2022-10-10,40.5,40.75,39.75,40.25,39.26322555541992,9515200
2022-10-11,40.0,40.75,39.75,40.5,39.50709915161133,9760200
2022-10-12,40.75,40.75,40.0,40.5,39.50709915161133,5963800
2022-10-17,40.5,41.25,40.0,41.0,39.99483871459961,8262900
2022-10-18,41.25,41.5,40.75,41.0,39.99483871459961,6968300
2022-10-19,41.25,42.5,41.0,42.0,40.97032165527344,12066300
2022-10-20,41.75,41.75,41.0,41.5,40.482582092285156,10961700
2022-10-21,41.25,42.0,41.25,41.75,40.7264518737793,13886600
2022-10-25,41.75,42.25,41.5,42.0,40.97032165527344,7444800
2022-10-26,42.25,42.25,41.5,42.0,40.97032165527344,5904900
2022-10-27,42.0,42.75,41.5,42.5,41.45806884765625,9958400
2022-10-28,42.25,43.0,42.25,42.5,41.45806884765625,6294000
2022-10-31,42.5,43.75,42.5,43.5,42.43354797363281,14823100
2022-11-01,43.75,44.5,43.25,44.25,43.1651611328125,11658500
2022-11-02,44.25,45.5,44.25,45.0,43.89677429199219,25320700
2022-11-03,45.0,45.5,44.5,45.25,44.14064407348633,13170700
2022-11-04,45.0,46.75,44.75,46.25,45.11613082885742,24720600
2022-11-07,47.0,48.75,46.75,48.5,47.31096649169922,49035800
2022-11-08,48.75,49.0,47.75,48.25,47.06709671020508,23981700
2022-11-09,48.25,48.25,46.0,47.0,45.84774398803711,30738300
2022-11-10,46.0,47.0,45.0,46.5,45.36000061035156,30077500
2022-11-11,47.5,48.25,47.25,47.75,46.5793571472168,33301400
2022-11-14,47.75,48.75,47.75,48.0,46.82322692871094,15902100
2022-11-15,47.75,48.0,47.0,47.75,46.5793571472168,17243800
2022-11-16,47.5,47.5,47.0,47.5,46.33548355102539,7533500
2022-11-17,47.25,47.25,46.25,46.5,45.36000061035156,11029400
2022-11-18,46.5,47.25,46.0,47.25,46.09161376953125,12587000
2022-11-21,47.0,47.25,46.5,46.5,45.36000061035156,7569700
2022-11-22,46.5,46.75,45.5,45.75,44.62839126586914,9112700
2022-11-23,45.75,46.75,45.75,46.5,45.36000061035156,12214400
2022-11-24,46.75,47.25,46.5,47.25,46.09161376953125,7063100
2022-11-25,47.25,47.5,47.0,47.0,45.84774398803711,1479100
2022-11-28,46.5,47.25,46.25,47.0,45.84774398803711,3984100
2022-11-29,47.0,48.25,47.0,48.25,47.06709671020508,16134000
2022-11-30,48.25,48.5,47.75,48.0,46.82322692871094,13307000
2022-12-01,48.5,48.5,47.75,48.0,46.82322692871094,9789300
2022-12-02,47.75,48.0,46.75,46.75,45.60387420654297,21196600
2022-12-06,46.25,46.5,45.75,46.0,44.87226104736328,17704200
2022-12-07,46.0,46.25,45.5,46.0,44.87226104736328,10812300
2022-12-08,46.25,46.25,45.5,46.25,45.11613082885742,7905000
2022-12-09,46.0,47.0,46.0,46.0,44.87226104736328,13854300
2022-12-13,46.0,46.5,45.25,45.5,44.384517669677734,16279300
2022-12-14,45.75,46.75,45.25,46.5,45.36000061035156,13754000
2022-12-15,46.75,47.5,46.5,47.0,45.84774398803711,16916500
2022-12-16,46.5,47.0,46.25,46.75,45.60387420654297,10281000
2022-12-19,47.0,47.0,46.25,46.5,45.36000061035156,5689800
2022-12-20,46.25,46.5,45.25,45.75,44.62839126586914,12164700
2022-12-21,45.5,45.75,45.0,45.5,44.384517669677734,6813500
2022-12-22,45.75,45.75,44.5,44.75,43.65290451049805,19558400
2022-12-23,44.75,45.25,44.5,44.75,43.65290451049805,8448700
2022-12-26,45.0,45.5,44.5,45.5,44.384517669677734,15546200
2022-12-27,46.0,47.5,45.75,47.25,46.09161376953125,25776000
2022-12-28,47.25,47.75,46.75,47.5,46.33548355102539,20575700
2022-12-29,47.25,47.75,46.75,47.5,46.33548355102539,14308700
2022-12-30,47.25,47.75,47.0,47.25,46.09161376953125,10611300
2023-01-03,47.5,47.5,46.5,46.75,45.60387420654297,8346600
2023-01-04,46.5,47.0,46.0,47.0,45.84774398803711,21419000
2023-01-05,46.75,47.25,46.25,46.5,45.36000061035156,18343700
2023-01-06,46.5,47.0,46.0,46.25,45.11613082885742,13418000
2023-01-09,46.75,47.5,46.5,47.5,46.33548355102539,19855600
2023-01-10,47.75,50.5,47.5,50.25,49.01806640625,70786800
2023-01-11,50.5,50.5,49.25,50.5,49.26193618774414,28103800
2023-01-12,50.25,50.5,49.5,50.25,49.01806640625,12839700
2023-01-13,50.0,50.75,49.25,50.0,48.77419662475586,25677900
2023-01-16,50.25,50.75,49.75,50.25,49.01806640625,14690600
2023-01-17,50.5,51.5,50.25,51.5,50.23741912841797,29168600
2023-01-18,51.25,51.75,50.75,51.5,50.23741912841797,13896100
2023-01-19,51.5,51.5,50.75,51.25,49.99354934692383,9826100
2023-01-20,51.25,51.25,49.75,50.0,48.77419662475586,24514300
2023-01-23,50.25,51.25,50.0,50.75,49.50580596923828,9999300
2023-01-24,51.25,51.5,50.75,51.0,49.74967956542969,10672100
2023-01-25,50.75,51.5,50.5,51.25,49.99354934692383,8994900
2023-01-26,51.0,51.0,49.25,49.75,48.53032302856445,24636700
2023-01-27,49.75,50.5,49.5,50.5,49.26193618774414,13790000
2023-01-30,50.5,50.5,49.75,50.0,48.77419662475586,8199700
2023-01-31,49.75,49.75,49.25,49.25,48.04258346557617,16176000
2023-02-01,49.25,50.5,49.25,50.0,48.77419662475586,13025200
2023-02-02,50.25,50.25,49.5,49.75,48.53032302856445,7636700
2023-02-03,50.0,50.0,49.25,49.5,48.28645324707031,6436000
2023-02-06,49.5,49.5,49.0,49.5,48.28645324707031,6398400
2023-02-07,49.25,50.0,49.25,49.75,48.53032302856445,9365600
2023-02-08,49.75,51.25,49.5,50.0,48.77419662475586,18482700
2023-02-09,50.25,51.0,49.5,50.5,49.26193618774414,18899400
2023-02-10,50.5,50.5,50.0,50.5,49.26193618774414,8655100
2023-02-13,50.0,50.75,49.75,50.5,49.26193618774414,12444500
2023-02-14,51.75,52.5,50.0,50.5,49.26193618774414,56115000
2023-02-15,50.5,50.5,49.5,49.5,48.28645324707031,17952600
2023-02-16,49.5,50.0,49.0,49.5,48.28645324707031,10390700
2023-02-17,49.25,49.25,48.25,48.75,47.554840087890625,15190000
2023-02-20,48.5,49.25,48.5,49.0,47.79871368408203,9153400
2023-02-21,49.0,49.0,48.0,48.75,47.554840087890625,15324400
2023-02-22,49.25,49.5,48.0,48.75,47.554840087890625,15562400
2023-02-23,48.5,48.75,47.25,47.75,46.5793571472168,16081300
2023-02-24,47.75,48.25,47.0,47.5,46.33548355102539,10893700
2023-02-27,47.5,48.0,47.0,47.5,46.58064651489258,9014700
2023-02-28,48.0,48.0,46.5,47.25,46.33548355102539,11605500
2023-03-01,47.75,47.75,47.0,47.0,46.09032440185547,7885200
2023-03-02,47.5,48.5,47.25,48.25,47.316131591796875,16204200
2023-03-03,48.25,48.5,47.75,48.0,47.07096862792969,7708300
2023-03-07,48.0,48.75,47.5,48.0,47.07096862792969,11041100
2023-03-08,47.25,48.25,47.25,48.25,47.316131591796875,14255500
2023-03-09,48.25,48.25,47.25,48.0,47.07096862792969,10491400
2023-03-10,47.0,47.75,47.0,47.25,46.33548355102539,13870600
2023-03-13,47.0,47.5,46.5,46.5,45.60000228881836,11396500
2023-03-14,46.0,46.5,44.5,45.0,44.129032135009766,28107400
2023-03-15,45.25,46.0,45.25,45.75,44.86451721191406,9946500
2023-03-16,45.25,45.25,43.75,44.25,43.393550872802734,19380800
2023-03-17,45.0,45.25,43.75,44.25,43.393550872802734,22174600
2023-03-20,44.25,44.5,43.25,44.0,43.14838790893555,17510700
2023-03-21,44.5,45.0,44.0,44.75,43.883872985839844,10575400
2023-03-22,45.0,46.5,44.75,46.25,45.35483932495117,14055500
2023-03-23,46.0,46.75,45.75,46.5,45.60000228881836,7818100
2023-03-24,46.5,47.0,46.0,46.25,45.35483932495117,11163400
2023-03-27,46.25,46.5,46.0,46.25,45.35483932495117,2396400
2023-03-28,46.5,47.0,46.5,47.0,46.09032440185547,4912700
2023-03-29,47.25,47.5,46.75,46.75,45.84516143798828,7453300
2023-03-30,46.75,46.75,46.0,46.25,45.35483932495117,4605500
2023-03-31,46.0,46.5,45.5,45.75,44.86451721191406,6431700
2023-04-03,46.5,47.0,46.0,46.25,45.35483932495117,10154600
2023-04-04,46.25,46.25,44.5,44.75,43.883872985839844,16470800
2023-04-05,44.75,45.0,44.0,44.5,43.638710021972656,11474000
2023-04-07,44.5,45.0,44.5,44.75,43.883872985839844,4033500
2023-04-10,44.75,45.25,44.5,45.0,44.129032135009766,9730700
2023-04-11,45.0,45.0,43.75,44.25,43.393550872802734,12680900
2023-04-12,44.25,44.25,43.25,43.75,42.90322494506836,12950800
2023-04-17,43.75,44.0,43.0,43.5,42.65806579589844,14468600
2023-04-18,43.5,43.75,42.0,42.25,41.43225860595703,22895500
2023-04-19,42.0,42.75,41.75,42.0,41.187095642089844,14552000
2023-04-20,42.0,42.25,40.75,41.0,40.206451416015625,15887500
2023-04-21,41.0,41.75,40.5,41.75,40.94193649291992,14486900
2023-04-24,41.5,41.75,41.0,41.5,40.696773529052734,6911800
2023-04-25,41.25,41.75,40.75,41.25,40.45161437988281,7748400
2023-04-26,41.25,41.25,40.0,40.75,39.9612922668457,12023800
2023-04-27,40.25,42.0,40.0,41.25,40.45161437988281,14394700
2023-04-28,41.5,41.75,40.75,41.5,40.696773529052734,12627400
2023-05-02,41.25,41.75,40.5,41.25,40.45161437988281,11435700
2023-05-03,40.5,41.75,39.75,41.25,40.45161437988281,24444200
2023-05-08,41.5,42.5,41.0,42.25,41.43225860595703,9246800
2023-05-09,42.25,43.0,42.25,42.5,41.67742156982422,7754200
2023-05-10,42.25,42.75,42.0,42.5,41.67742156982422,6052600
2023-05-11,41.75,42.0,41.0,41.25,40.45161437988281,23192300
2023-05-12,41.25,41.25,39.75,40.25,39.470970153808594,29365100
2023-05-15,40.75,40.75,39.25,39.25,38.49032211303711,11632200
2023-05-16,39.5,39.5,38.25,38.5,37.75484085083008,32137200
2023-05-17,38.25,38.5,36.5,36.75,36.03871154785156,43550000
2023-05-18,37.5,37.75,36.5,36.5,35.793548583984375,30633900
2023-05-19,36.5,36.75,35.25,35.75,35.05806350708008,32702900
2023-05-22,35.75,37.75,35.5,37.5,36.774192810058594,19902800
2023-05-23,37.25,38.0,36.75,37.75,37.01935577392578,17029200
2023-05-24,37.5,37.75,36.75,37.5,36.774192810058594,12364100
2023-05-25,37.25,37.25,36.0,36.25,35.54838943481445,30635500
2023-05-26,36.0,36.25,35.75,35.75,35.05806350708008,18491200
2023-05-29,36.25,36.5,35.75,36.25,35.54838943481445,7155700
2023-05-30,36.25,36.5,36.0,36.25,35.54838943481445,7053400
2023-05-31,36.0,36.0,35.25,35.25,34.56774139404297,12861200
2023-06-01,35.5,35.75,34.75,34.75,34.07741928100586,15790500
2023-06-02,35.25,36.25,35.25,35.75,35.05806350708008,12980700
2023-06-06,36.5,36.5,35.5,35.5,34.812904357910156,10496800
2023-06-07,35.75,36.5,35.5,36.5,35.793548583984375,13380100
2023-06-08,37.0,38.25,36.75,38.25,37.50967788696289,25532700
2023-06-09,38.25,38.5,37.5,38.5,37.75484085083008,19875200
2023-06-12,38.0,38.25,37.5,38.25,37.50967788696289,11544300
2023-06-13,38.25,38.75,37.5,38.5,37.75484085083008,17803700
2023-06-14,39.0,39.5,38.75,39.25,38.49032211303711,16703600
2023-06-15,39.0,39.0,38.0,38.75,38.0,15832900
2023-06-16,38.75,39.0,37.5,38.0,37.26451873779297,14229200
2023-06-19,38.0,39.0,37.5,38.5,37.75484085083008,15659400
2023-06-20,38.75,39.0,38.5,38.5,37.75484085083008,5434300
2023-06-21,38.5,38.5,37.25,37.75,37.01935577392578,13783900
2023-06-22,37.75,38.0,37.0,37.5,36.774192810058594,10076700
2023-06-23,37.0,37.75,36.75,37.5,36.774192810058594,3610500
2023-06-26,37.25,37.75,36.5,36.5,35.793548583984375,6723600
2023-06-27,36.75,36.75,36.0,36.25,35.54838943481445,4035600
2023-06-28,36.25,36.5,35.5,35.75,35.05806350708008,11762400
2023-06-29,35.75,36.75,35.25,36.25,35.54838943481445,9715300
2023-06-30,36.75,37.75,36.75,37.25,36.52903366088867,10478900
2023-07-03,37.75,38.25,37.0,38.0,37.26451873779297,9323900
2023-07-04,37.75,38.5,37.5,38.25,37.50967788696289,8010500
2023-07-05,38.5,39.25,38.25,38.75,38.0,18797900
2023-07-06,38.5,39.0,37.5,38.5,37.75484085083008,20265800
2023-07-07,38.0,38.75,37.75,38.5,37.75484085083008,9883200
2023-07-10,38.75,39.5,38.5,39.0,38.24516296386719,10955400
2023-07-11,39.25,39.5,38.75,39.0,38.24516296386719,7811000
2023-07-12,39.5,39.75,38.5,39.0,38.24516296386719,9675200
2023-07-13,39.0,39.75,38.5,39.5,38.7354850769043,5902900
2023-07-14,40.0,40.75,39.5,40.5,39.716129302978516,14498100
2023-07-17,40.0,40.0,38.25,38.5,37.75484085083008,36178600
2023-07-18,38.5,39.0,38.25,38.75,38.0,5733900
2023-07-19,38.75,39.5,38.5,39.0,38.24516296386719,9509700
2023-07-20,38.75,39.0,37.0,37.0,36.283870697021484,37445200
2023-07-21,37.0,37.25,36.5,36.75,36.03871154785156,23623100
2023-07-24,37.0,37.25,36.75,37.25,36.52903366088867,14960300
2023-07-25,37.75,38.5,37.5,38.25,37.50967788696289,16479500
2023-07-26,38.25,38.5,37.75,38.5,37.75484085083008,7609300
2023-07-27,38.5,39.5,38.25,39.25,38.49032211303711,11978000
2023-07-31,39.5,39.75,39.5,39.5,38.7354850769043,2110500
2023-08-02,39.5,40.25,39.5,39.5,38.7354850769043,16348400
2023-08-03,39.5,39.75,38.75,39.0,38.24516296386719,10637300
2023-08-04,39.0,39.75,38.75,39.25,38.49032211303711,6579800
2023-08-07,39.75,39.75,38.75,39.5,38.7354850769043,7393000
2023-08-08,39.5,39.75,38.75,39.0,38.24516296386719,10761700
2023-08-09,39.5,40.25,39.0,40.0,39.225807189941406,16311000
2023-08-10,40.0,40.25,39.25,39.75,38.98064422607422,13099400
2023-08-11,40.0,40.25,38.75,39.5,38.7354850769043,13090700
2023-08-15,39.0,39.25,38.25,38.75,38.0,10337300
2023-08-16,38.25,38.25,36.25,36.5,35.793548583984375,37296700
2023-08-17,36.25,37.25,36.0,37.25,36.52903366088867,12683700
2023-08-18,37.0,37.0,36.5,36.5,35.793548583984375,10115200
2023-08-21,36.75,37.0,36.0,36.5,35.793548583984375,13019200
2023-08-22,36.5,37.0,36.25,36.75,36.03871154785156,14248000
2023-08-23,37.0,37.0,35.75,36.0,35.303226470947266,14802400
2023-08-24,36.0,37.0,35.75,36.5,35.793548583984375,10074200
2023-08-25,36.5,38.0,36.5,38.0,37.26451873779297,21719100
2023-08-28,38.25,38.25,37.5,38.0,37.26451873779297,13692400
2023-08-29,37.75,38.0,36.75,37.5,36.774192810058594,15094400
2023-08-30,37.5,38.0,37.25,37.75,37.01935577392578,11065700
2023-08-31,37.75,37.75,37.0,37.25,36.52903366088867,8746600
2023-09-01,37.25,37.5,37.0,37.0,36.283870697021484,4053000
2023-09-04,37.25,37.25,36.5,36.5,35.793548583984375,6573700
2023-09-05,36.5,37.0,36.25,36.5,35.793548583984375,9186900
2023-09-06,36.5,36.75,36.0,36.25,35.54838943481445,5337800
2023-09-07,36.5,37.0,36.25,36.5,35.793548583984375,6128700
2023-09-08,36.5,36.5,36.0,36.0,35.303226470947266,5025900
2023-09-11,36.0,36.0,35.0,35.25,34.56774139404297,13495300
2023-09-12,35.25,35.25,34.75,35.0,34.32258224487305,12874400
2023-09-13,35.25,35.5,34.75,35.0,34.32258224487305,4533800
2023-09-14,34.75,35.25,34.0,35.25,34.56774139404297,13405300
2023-09-15,35.75,36.25,35.5,35.75,35.05806350708008,9157400
2023-09-18,35.75,35.75,34.75,35.0,34.32258224487305,6691700
2023-09-19,35.0,35.25,34.75,35.0,34.32258224487305,4911100
2023-09-20,34.5,34.5,33.5,33.5,32.85161209106445,26489500
2023-09-21,33.5,34.25,33.25,33.75,33.09677505493164,7842200
2023-09-22,34.0,35.75,33.75,35.5,34.812904357910156,15279700
2023-09-25,35.5,35.75,35.0,35.25,34.56774139404297,5457300
2023-09-26,35.0,35.25,34.25,34.5,33.83226013183594,7931700
2023-09-27,34.25,34.75,34.0,34.5,33.83226013183594,5470500
2023-09-28,34.25,34.75,33.5,33.75,33.09677505493164,10126500
2023-09-29,34.25,34.75,33.5,34.5,33.83226013183594,7757200
2023-10-02,34.5,34.5,32.75,33.25,32.60645294189453,16175800
2023-10-03,32.75,33.0,32.0,32.5,31.870967864990234,13190200
2023-10-04,32.0,33.0,31.75,32.75,32.11613082885742,15530800
2023-10-05,33.0,33.25,32.25,33.25,32.60645294189453,4587700
2023-10-06,33.5,33.5,32.5,33.25,32.60645294189453,4994000
2023-10-09,33.0,33.0,32.5,33.0,32.361289978027344,5720500
2023-10-10,33.25,33.75,32.75,33.25,32.60645294189453,5854900
2023-10-11,33.5,34.5,33.25,34.25,33.58709716796875,8656100
2023-10-12,34.5,34.5,33.5,33.75,33.09677505493164,7765000
2023-10-16,33.5,33.75,32.5,33.25,32.60645294189453,8341800
2023-10-17,33.25,33.75,33.25,33.5,32.85161209106445,2330500
2023-10-18,33.75,34.75,33.75,34.5,33.83226013183594,7612700
2023-10-19,34.0,34.25,33.25,33.75,33.09677505493164,6185900
2023-10-20,33.25,33.5,32.5,33.25,32.60645294189453,11494500
2023-10-24,32.75,33.0,32.25,32.5,31.870967864990234,9438800
2023-10-25,33.25,34.75,33.25,34.25,33.58709716796875,23539300
2023-10-26,34.0,34.5,33.75,34.0,33.34193420410156,9055300
2023-10-27,34.0,35.75,33.5,35.5,34.812904357910156,29244700
2023-10-30,35.5,36.25,35.25,35.5,34.812904357910156,18567400
2023-10-31,35.0,35.25,34.25,34.5,33.83226013183594,12417100
2023-11-01,34.5,35.0,33.75,34.75,34.07741928100586,13098100
2023-11-02,35.0,36.0,34.5,35.75,35.05806350708008,15000600
2023-11-03,36.0,37.25,36.0,36.75,36.03871154785156,30915500
2023-11-06,37.5,38.0,36.75,37.5,36.774192810058594,28120400
2023-11-07,37.25,37.75,37.0,37.0,36.283870697021484,15574600
2023-11-08,37.0,37.25,36.0,36.25,35.54838943481445,15771500
2023-11-09,36.0,36.75,35.5,36.25,35.54838943481445,11056300
2023-11-10,35.5,36.75,35.5,36.0,35.303226470947266,7199100
2023-11-13,36.0,36.25,35.25,36.25,35.54838943481445,9177900
2023-11-14,36.5,37.25,36.0,36.5,35.793548583984375,12049600
2023-11-15,37.25,38.0,37.0,38.0,37.26451873779297,21055500
2023-11-16,38.0,38.5,37.75,38.5,37.75484085083008,13086600
2023-11-17,38.25,38.5,37.5,38.0,37.26451873779297,11855900
2023-11-20,38.25,38.25,37.5,38.0,37.26451873779297,3678100
2023-11-21,38.5,38.5,38.0,38.5,37.75484085083008,10721000
2023-11-22,38.5,38.5,37.75,38.25,37.50967788696289,8121200
2023-11-23,38.25,38.5,38.0,38.0,37.26451873779297,4140200
2023-11-24,38.25,38.25,37.25,37.75,37.01935577392578,13269600
2023-11-27,37.75,38.5,37.5,38.25,37.50967788696289,8313800
2023-11-28,38.25,38.75,38.0,38.5,37.75484085083008,9022400
2023-11-29,38.75,39.0,38.5,38.5,37.75484085083008,8513400
2023-11-30,38.5,38.75,38.0,38.5,37.75484085083008,12652900
2023-12-01,38.25,38.75,38.0,38.5,37.75484085083008,6379300
2023-12-04,38.5,38.75,38.5,38.75,38.0,2821800
2023-12-06,39.0,39.75,38.75,39.25,38.49032211303711,9845100
2023-12-07,39.0,39.25,38.75,38.75,38.0,5293400
2023-12-08,39.0,39.25,38.5,38.75,38.0,6509200
2023-12-12,38.75,39.0,38.25,39.0,38.24516296386719,6389100
2023-12-13,38.75,39.0,36.75,37.5,36.774192810058594,23142500
2023-12-14,37.75,38.75,37.5,38.75,38.0,6644100
2023-12-15,39.0,39.5,38.75,39.25,38.49032211303711,13755300
2023-12-18,39.0,39.5,39.0,39.5,38.7354850769043,3169400
2023-12-19,39.25,39.75,39.0,39.75,38.98064422607422,3126900
2023-12-20,39.75,41.0,39.5,40.5,39.716129302978516,16489800
2023-12-21,40.25,40.25,37.25,37.75,37.01935577392578,45129900
2023-12-22,37.5,38.75,37.5,38.5,37.75484085083008,14402500
2023-12-25,38.25,38.5,38.0,38.0,37.26451873779297,5578900
2023-12-26,38.0,38.5,37.75,38.5,37.75484085083008,6134700
2023-12-27,38.5,38.75,38.25,38.25,37.50967788696289,4105900
2023-12-28,38.25,38.75,38.25,38.5,37.75484085083008,5686800
2024-01-03,38.5,39.0,38.25,38.75,38.0,8287900
2024-01-04,38.5,38.75,36.75,37.5,36.774192810058594,27646100
2024-01-05,37.5,37.75,37.0,37.25,36.52903366088867,10518400
2024-01-08,37.25,37.25,36.0,36.25,35.54838943481445,16426700
2024-01-09,36.75,37.0,36.25,36.5,35.793548583984375,7033600
2024-01-10,36.25,37.0,36.0,36.75,36.03871154785156,7395800
2024-01-11,36.75,37.0,36.25,36.75,36.03871154785156,5230800
2024-01-12,36.5,36.5,35.5,36.0,35.303226470947266,11504600
2024-01-15,35.75,36.0,35.5,35.75,35.05806350708008,5822900
2024-01-16,35.75,36.25,35.5,35.75,35.05806350708008,6120600
2024-01-17,35.75,35.75,35.0,35.25,34.56774139404297,8639200
2024-01-18,35.25,35.5,34.25,35.0,34.32258224487305,11124900
2024-01-19,35.25,35.25,34.25,34.5,33.83226013183594,11708200
2024-01-22,34.5,35.0,34.25,34.25,33.58709716796875,8215300
2024-01-23,34.5,34.75,33.5,34.0,33.34193420410156,9403700
2024-01-24,34.25,35.25,33.75,35.0,34.32258224487305,14810000
2024-01-25,34.75,35.25,34.5,34.5,33.83226013183594,7427600
2024-01-26,34.5,34.75,34.0,34.5,33.83226013183594,7997000
2024-01-29,34.5,34.5,34.0,34.25,33.58709716796875,6211400
2024-01-30,34.5,34.75,34.0,34.25,33.58709716796875,5514200
2024-01-31,34.5,35.0,33.5,33.5,32.85161209106445,13514000
2024-02-01,33.5,34.25,33.25,34.0,33.34193420410156,9837900
2024-02-02,34.25,34.75,34.0,34.75,34.07741928100586,8227300
2024-02-05,34.75,34.75,33.75,34.25,33.58709716796875,8503900
2024-02-06,34.25,34.5,34.0,34.25,33.58709716796875,7906300
2024-02-07,34.5,35.5,34.25,35.25,34.56774139404297,16828200
2024-02-08,35.5,36.25,35.0,35.25,34.56774139404297,17982300
2024-02-09,35.25,35.75,34.5,35.5,34.812904357910156,10950600
2024-02-12,35.5,35.75,35.0,35.25,34.56774139404297,7379700
2024-02-13,35.75,36.5,35.5,35.75,35.05806350708008,10938600
2024-02-14,35.75,37.0,35.5,37.0,36.283870697021484,14866400
2024-02-15,37.0,37.75,36.75,37.5,36.774192810058594,15826200
2024-02-16,37.5,38.0,37.0,37.25,36.52903366088867,11447600
2024-02-19,37.5,38.0,37.0,37.5,36.774192810058594,7879100
2024-02-20,37.5,37.5,37.0,37.25,36.52903366088867,7370600
2024-02-21,37.25,39.0,37.0,39.0,38.24516296386719,28587800
2024-02-22,38.75,39.25,38.5,38.75,38.0,10344700
2024-02-23,38.0,38.25,37.25,38.0,38.0,11913800
2024-02-27,38.25,38.5,37.0,37.25,37.25,7936500
2024-02-28,37.0,38.25,36.75,37.75,37.75,12734200
2024-02-29,37.75,38.25,37.0,38.0,38.0,13218785
2024-03-01,37.5,37.75,37.0,37.25,37.25,9024000
2024-03-04,37.0,37.75,36.75,37.25,37.25,4857800
2024-03-05,37.0,37.25,36.75,37.25,37.25,4510500
2024-03-06,37.0,37.5,36.75,37.25,37.25,4069000
2024-03-07,37.25,37.5,36.75,37.0,37.0,5908900
2024-03-08,37.25,38.0,37.0,37.75,37.75,5756400
2024-03-11,37.75,38.0,37.5,37.75,37.75,4086400
2024-03-12,37.75,37.75,37.75,37.75,37.75,0
2024-03-13,37.5,39.0,37.25,39.0,39.0,17640900
2024-03-14,39.0,40.25,38.75,40.25,40.25,20583100
2024-03-15,40.25,40.25,40.25,40.25,40.25,0
2024-03-18,39.75,40.25,39.0,39.25,39.25,11303200
2024-03-19,39.25,40.0,38.5,39.0,39.0,15110300
2024-03-20,39.25,39.25,38.5,38.5,38.5,4051000
2024-03-21,39.0,39.5,38.75,39.25,39.25,6547500
2024-03-22,39.25,39.25,39.25,39.25,39.25,0
2024-03-25,39.0,39.25,38.5,39.0,39.0,3319500
2024-03-26,38.75,38.75,38.25,38.5,38.5,7235900
2024-03-27,38.25,39.0,38.25,38.5,38.5,5095500
2024-03-28,38.75,38.75,38.0,38.0,38.0,3640000
2024-03-29,38.0,38.75,38.0,38.25,38.25,4395800
2024-04-01,38.75,39.75,38.5,39.5,39.5,10767300
2024-04-02,39.5,40.5,39.25,40.25,40.25,16007200
2024-04-03,40.0,41.0,40.0,41.0,41.0,12704900
2024-04-04,41.0,41.0,39.75,40.0,40.0,17701800
2024-04-05,39.75,40.25,39.5,39.75,39.75,9474000
2024-04-09,39.75,40.5,39.25,40.5,40.5,9589200
2024-04-10,40.75,41.25,40.5,40.75,40.75,8362200
2024-04-11,40.75,41.0,40.0,40.5,40.5,4623400
2024-04-17,40.5,40.5,40.5,40.5,40.5,0
2024-04-18,40.5,40.5,40.5,40.5,40.5,0
2024-04-19,40.5,40.5,40.5,40.5,40.5,0
2024-04-22,39.0,39.0,37.75,37.75,37.75,16551400
2024-04-23,37.75,38.5,37.75,38.25,38.25,12626500
2024-04-24,38.25,38.25,38.25,38.25,38.25,0
2024-04-25,37.5,37.75,36.5,37.0,37.0,18915200
2024-04-26,37.25,37.25,36.75,37.0,37.0,5317000
2024-04-29,37.25,37.25,36.5,37.25,37.25,5856300
2024-04-30,37.25,37.25,36.5,36.75,36.75,8057000
2024-05-02,36.5,36.75,35.5,35.75,35.75,16445700
2024-05-03,35.75,35.75,35.0,35.75,35.75,11556500
2024-05-07,36.0,36.25,35.5,36.0,36.0,7584300
2024-05-08,36.25,36.75,36.0,36.25,36.25,7016200
2024-05-09,36.25,36.5,35.5,35.75,35.75,6476600
2024-05-10,35.75,36.0,35.25,35.75,35.75,7052000
2024-05-13,35.75,36.5,35.5,36.25,36.25,5899200
2024-05-14,36.25,36.75,36.0,36.5,36.5,8697500
2024-05-15,36.75,36.75,36.0,36.25,36.25,6381900
2024-05-16,36.25,36.25,36.25,36.25,36.25,0
2024-05-17,36.25,37.75,36.25,37.75,37.75,23012400
2024-05-20,37.75,37.75,37.75,37.75,37.75,0
2024-05-21,37.75,37.75,37.0,37.0,37.0,11336300
2024-05-23,36.75,37.5,36.75,37.0,37.0,6408100
2024-05-24,37.0,37.0,37.0,37.0,37.0,0
2024-05-27,37.0,37.0,37.0,37.0,37.0,0
2024-05-28,37.25,37.25,36.0,36.5,36.5,24113700
2024-05-29,36.0,36.0,35.25,35.25,35.25,15070000
2024-05-30,35.25,35.25,35.25,35.25,35.25,0
2024-05-31,35.25,35.25,35.25,35.25,35.25,0
2024-06-04,35.0,35.25,34.25,34.75,34.75,6179800
2024-06-05,34.75,35.0,34.0,34.0,34.0,9319200
2024-06-06,34.25,34.5,33.5,33.75,33.75,8796400
2024-06-07,33.75,33.75,32.5,32.75,32.75,21023100
2024-06-10,32.5,32.75,32.0,32.25,32.25,9739700
2024-06-11,32.5,33.0,32.0,32.5,32.5,14644500
2024-06-12,32.5,32.5,31.75,32.0,32.0,9996300
2024-06-13,32.25,32.5,31.25,31.5,31.5,12079000
2024-06-14,31.25,31.5,30.5,30.5,30.5,24888000
2024-06-17,30.5,30.75,30.0,30.5,30.5,5354500
2024-06-18,30.5,30.5,30.5,30.5,30.5,0
2024-06-19,30.5,30.5,30.5,30.5,30.5,0
2024-06-20,29.75,30.25,29.25,29.5,29.5,18731300
2024-06-21,29.5,31.25,29.0,30.75,30.75,52447600
2024-06-24,30.75,30.75,30.75,30.75,30.75,0
2024-06-25,30.75,30.75,30.75,30.75,30.75,0
2024-06-26,30.75,30.75,30.75,30.75,30.75,0
2024-06-27,31.25,31.25,30.5,30.5,30.5,8046300
2024-06-28,30.75,30.75,30.0,30.5,30.5,12095200
2024-07-01,30.75,31.25,30.5,31.0,31.0,6453400
2024-07-02,30.75,31.0,30.0,30.5,30.5,7869900
2024-07-03,30.25,30.5,29.75,30.0,30.0,5100600
2024-07-04,30.5,30.75,30.25,30.25,30.25,5438400
2024-07-05,30.25,30.75,30.0,30.75,30.75,3871900
2024-07-08,30.5,31.5,30.5,31.25,31.25,6815100
2024-07-09,31.25,31.25,31.25,31.25,31.25,0
2024-07-10,31.25,31.5,30.75,31.0,31.0,6047300
2024-07-11,31.25,31.5,30.5,31.0,31.0,10086600
2024-07-12,31.0,31.0,31.0,31.0,31.0,0
2024-07-15,31.0,31.0,31.0,31.0,31.0,0
2024-07-16,29.5,30.25,28.75,29.0,29.0,24167700
2024-07-17,29.0,29.0,29.0,29.0,29.0,0
2024-07-18,28.25,28.75,28.0,28.5,28.5,9298500
2024-07-19,28.5,28.5,27.5,27.5,27.5,17482800
2024-07-23,27.0,27.25,26.25,26.25,26.25,29941700
2024-07-24,26.25,26.75,25.75,26.25,26.25,16091900
2024-07-25,25.75,26.25,25.25,26.25,26.25,22918700
2024-07-26,26.25,27.5,26.0,27.25,27.25,23318200
2024-07-30,27.25,27.25,27.25,27.25,27.25,0
2024-07-31,27.0,28.0,26.75,27.25,27.25,35661300
2024-08-01,27.0,27.5,27.0,27.5,27.5,9184900
2024-08-02,27.0,27.25,25.75,25.75,25.75,25302600
2024-08-05,25.25,25.5,24.200000762939453,24.299999237060547,24.299999237060547,35618900
2024-08-06,24.600000381469727,25.0,24.100000381469727,24.100000381469727,24.100000381469727,20693400
2024-08-07,24.299999237060547,24.600000381469727,23.600000381469727,23.799999237060547,23.799999237060547,28574700
2024-08-08,23.799999237060547,23.799999237060547,23.799999237060547,23.799999237060547,23.799999237060547,0
2024-08-09,25.0,25.5,23.299999237060547,23.399999618530273,23.399999618530273,41202100
2024-08-13,23.5,23.799999237060547,22.799999237060547,23.700000762939453,23.700000762939453,22440400
2024-08-14,23.600000381469727,23.899999618530273,23.200000762939453,23.399999618530273,23.399999618530273,20241400
2024-08-15,23.399999618530273,23.799999237060547,23.0,23.799999237060547,23.799999237060547,19222800
2024-08-16,23.899999618530273,24.100000381469727,23.600000381469727,24.0,24.0,12382200
2024-08-19,24.0,24.0,24.0,24.0,24.0,0
2024-08-20,24.5,24.799999237060547,23.5,23.600000381469727,23.600000381469727,21688700
2024-08-21,23.700000762939453,24.399999618530273,23.700000762939453,24.100000381469727,24.100000381469727,25159200
2024-08-22,24.100000381469727,24.100000381469727,24.100000381469727,24.100000381469727,24.100000381469727,0
2024-08-23,24.399999618530273,25.5,24.399999618530273,25.25,25.25,30516800
2024-08-26,25.5,26.25,25.25,25.75,25.75,18685500
2024-08-27,25.5,26.0,25.25,25.25,25.25,14530700
2024-08-28,25.25,25.5,25.0,25.25,25.25,9357700
2024-08-29,25.0,25.5,24.600000381469727,25.0,25.0,15601200
2024-08-30,25.0,25.25,24.700000762939453,25.0,25.0,24631700
2024-09-02,25.0,25.0,25.0,25.0,25.0,0
2024-09-03,25.0,25.0,25.0,25.0,25.0,0
2024-09-04,25.0,25.0,25.0,25.0,25.0,0
2024-09-05,26.5,27.5,26.25,27.25,27.25,32859100
2024-09-06,27.5,28.25,27.25,28.0,28.0,18420200
